,Snippet,Keyword,Assigned_Gender,Character_Name
4877,"though I nearly blurted it out more than once, when they came to me with their doll's-house prettinesses about women. _You_ thought you were a cynic, now and then, didn't you, Lomax, when the Ogilvie woman touched you up a bit too hard? Lord, I could have taught you a cynicism that grips your vitals! You'll never learn it now, so it's lucky you've struck into optimism--it fits you better."" ""Never mind me, Roddick. Finish your story."" ""Six months after I married my picturesque maid of the inn--the child died a day or two after its birth--she began to take opium for sleeplessness; she continued it as a luxury. From that she passed, with true catholicity, to wine, brandy, whisky--or, failing these, gin. She grew more beast-like every year, till now it's only the clothes and the walking on her hind legs that stamp her as a woman. Three times she has tried to kill me, and once--my cursed conscience won't let me do anything else--I have saved her from death."" ""I thought you disclaimed tenderness just now,"" put in Griff, scarce knowing what to say. ""In your place, I should have let her die."" ""You wouldn't, when it came to",opium,Female,Roddick
2813,"for some months in gaining a living there, although his education was of the slenderest, and, judging from the specimens still treasured in Haworth, his natural talent on a level with that of the average new student in any school of art. His tawny mane, his pose of untaught genius, his verses in the poet's corner of the paper could not for ever keep afloat this untaught and thriftless portrait-painter of twenty. Soon there came an end to his painting there. He disappeared from Bradford suddenly, heavily in debt, and was lost to sight, until unnerved, a drunkard, and an opium -eater, he came back to home and Emily at Haworth. Meanwhile impetuous Charlotte was growing nervous and weak, gentle Anne consumptive and dejected, in their work away from home; and Emily was toiling from dawn till dusk with her old servant Tabby for the old aunt who never cared for her, and the old father always courteous and distant. They knew the face of necessity more nearly than any friend's, those Brontë girls, and the pinch of poverty was for their own foot; therefore were they always considerate to any that fell into the same plight. During the Christmas holidays",opium,Male,Anne
436,"himself for a pariah capable of the worst crimes, and who may therefore be robbed, beaten and even murdered by his white neighbors with impunity. But when the police seek information from Chinatown, Chinatown takes its revenge—and is silent. Out on the river, above and below Limehouse, patrols watched for signals from the Asiatic quarter, and from a carefully selected spot on the Surrey side George Martin watched also. Not even the lure of a neighboring tavern could draw him from his post. Hour after hour he waited patiently—for Sin Sin Wa paid fair prices, and tonight he bought neither opium nor cocaine, but liberty. Seton Pasha, passing from point to point, and nowhere receiving news of Kerry, began to experience a certain anxiety respecting the safety of the intrepid Chief Inspector. His mind filled with troubled conjectures, he passed the house formerly occupied by the one-eyed Chinaman—where he found Detective-Sergeant Coombes on duty and very much on the alert—and followed the bank of the Thames in the direction of Limehouse Basin. The narrow, ill-lighted street was quite deserted. Bad weather and the presence of many police had driven the Asiatic inhabitants indoors. But from the river and the docks arose",opium,Male,Seton Pasha
556,"gully came in at the window now and then. Besides the mats, there was no other furniture in the room--only the coffin, and the old Joss all green and blue and purple with age and polish. Fung-Tching never told us why he called the place “The Gate of a Hundred Sorrows.” (He was the only Chinaman I know who used bad-sounding fancy names. Most of them are flowery. As you'll see in Calcutta.) We used to find that out for ourselves. Nothing grows on you so much, if you're white, as the Black Smoke. A yellow man is made different. Opium doesn't tell on him scarcely at all; but white and black suffer a good deal. Of course, there are some people that the Smoke doesn't touch any more than tobacco would at first. They just doze a bit, as one would fall asleep naturally, and next morning they are almost fit for work. Now, I was one of that sort when I began, but I've been at it for five years pretty steadily, and its different now. There was an old aunt of mine, down Agra way, and she left me a little at her death. About sixty rupees a",opium,Male,Chinaman
4723,"They, like ourselves, are so preoccupied with the miserable importance of their instant lives. THE CAGE I was not asleep. I have watched passengers who kept their eyes shut between the stations, but as yet I have not seen an indisputable case of anyone sound asleep on the Hampstead and Charing Cross Tube. Of the other passages that make up London’s greater intestine I have less experience, and it may be that some tubes are more conducive to slumber than the one most familiar to me. I have no ambition to make a dogmatic generalisation concerning either the stimulative or soporific action of the Underground. I merely wish it to be understood that I was not asleep, and that it was hardly possible that I could have been, with a small portmanteau permanently on one foot, and the owner of it--a little man who must have wished that the straps were rather longer--intermittently on the other. Against this, however, I have to put the fact that I could not say at which station the little man removed from me the burden of himself and his portmanteau. Nor could I give particulars of the appearance of such of my innumerable fellow-passengers as",soporific,Unknown,Anonymous
848,"in this disease, in which they were thought to have proved specially useful. At some time in the course of this century medical practice had settled down on four remedies as its chief reliance. I must repeat an incident which I have related in another of these Essays. When Dr. Holyoke, nearly seventy years ago, received young Mr. James Jackson as his student, he showed him the formidable array of bottles, jars, and drawers around his office, and then named the four remedies referred to as being of more importance than all the rest put together. These were ""Mercury, Antimony, Opium , and Peruvian Bark."" I doubt if either of them remembered that, nearly seventy years before, in 1730, Dr. William Douglass, the disputatious Scotchman, mentioned those same four remedies, in the dedication of his quarrelsome essay on inoculation, as the most important ones in the hands of the physicians of his time. In the ""Proceedings"" of this Society for the year 1863 is a very pleasant paper by the late Dr. Ephraim Eliot, giving an account of the leading physicians of Boston during the last quarter of the last century. The names of Lloyd, Gardiner, Welsh, Rand, Bulfinch, Danforth, John",opium,Unknown (Proper Noun),Anonymous
1448,"Schreiber receiving a _bonus_ of so many thousand pounds, paid down according to the rate agreed on by the lawyers of the two parties; or, strictly speaking, _quarrelled on_ between the adverse factions; for agreement it was hard to effect upon any point. The deadly fear which had been breathed into him by Mrs. Schreiber's scale of expenditure in a Park Lane house proved her most salutary ally. Coerced by this horrid vision, Schreiber consented (which else he never would have done) to grant her an allowance, for life, of about two thousand per annum. Could _that_ be reckoned an anodyne for the torment connected with a course of Schreiber? I pretend to no opinion. Such were the facts: and exactly at this point in her career had Mrs. Schreiber arrived, when, once more, Colonel Watson and General Smith were visiting England, and for the last time, on the errand of settling permanently some suitable establishment for their two infant daughters. The superintendence of this they desired to devolve upon some lady, qualified by her manners and her connections for introducing the young ladies, when old enough, into general society. Mrs. Schreiber was the very person required. Intellectually she had no",anodyne,Female,Schreiber
2818,"seems to me more nearly akin to Heathcliff's miserable son than to Heathcliff. But that, in depicting Heathcliff's outrageous thwarted love for Catharine, Emily did draw upon her experience of her brother's suffering, this extract from an unpublished lecture of Mr. Reid's will sufficiently reveal[27]:-- ""It was in the enforced companionship of this lost and degraded man that Emily received, I am sure, many of the impressions which were subsequently conveyed to the pages of her book. Has it not been said over and over again by critics of every kind that 'Wuthering Heights' reads like the dream of an opium -eater? And here we find that during the whole time of the writing of the book an habitual and avowed opium-eater was at Emily's elbow. I said that perhaps the most striking part of 'Wuthering Heights' was that which deals with the relations of Heathcliff and Catharine after she had become the wife of another. Whole pages of the story are filled with the ravings and ragings of the villain against the man whose life stands between him and the woman he loves. Similar ravings are to be found in all the letters of Branwell Brontë written at this period",opium,Female,Emily
473,"be on the price of cotton, and caring no wise to determine which side of battle is in the wrong. Neither does a great nation send its poor little boys to jail for stealing six walnuts; and allow its bankrupts to steal their hundreds of thousands with a bow, and its bankers, rich with poor men’s savings, to close their doors “under circumstances over which they have no control,” with a “by your leave;” and large landed estates to be bought by men who have made their money by going with armed steamers up and down the China Seas, selling opium at the cannon’s mouth, and altering, for the benefit of the foreign nation, the common highwayman’s demand of “your money _or_ your life,” into that of “your money _and_ your life.” Neither does a great nation allow the lives of its innocent poor to be parched out of them by fog fever, and rotted out of them by dunghill plague, for the sake of sixpence a life extra per week to its landlords; {11} and then debate, with drivelling tears, and diabolical sympathies, whether it ought not piously to save, and nursingly cherish, the lives of its murderers. Also, a",opium,Unknown,Anonymous
3736,"boy! When my father of blessed memory was drunk, he was as the Archangel Gabriel,--of the most entertaining--the most exhilarating--And he gave it up! Does he not say in his blessed book of memoirs: 'Being now thirty-nine and having vowed to abandon wine in my fortieth year, I therefore drank to excess.' What would you more? And his recantation! 'Gentlemen of the army! Those who sit down to the feast of life must end by drinking the cup of death!' It stirs one like the Day of Resurrection! But this boy--'tis all his Hindu mother's fault."" ""And his grandfather took opium ,"" continued Râkiya, relentlessly. Lady Hamida looked up with chill dignity. ""Let the earth of the grave cover the dead, daughter-in-law. What my husband did is known to me better than to you."" Râkiya Begum put the spectacles on her pinched nose once more. ""I offer excuse,"" she replied ceremoniously. ""I was but going to remark that both blessed saints, despite these habits, were good enough kings. It is the unprecedented abstemiousness of the present Lord of the Universe, who looks neither at wine nor women, which throws the Prince's indiscretions into relief."" Her words brought solace. After all who",opium,Unknown,Anonymous
2398,"name something which may be disturbed. He thought over, idly, various means of unlawful exit from the world, and applied them to his own case. He decided against the means employed by the desperate bank cashier; he decided against the fiery draught of acid swallowed by a love-distracted girl; he decided against the leap from a ferry-boat taken by an unknown man, whose body lay unidentified in the morgue; he decided against illuminating gas, which had released from the woes of life a man and his three children; he thought rather favorably of charcoal; he thought also rather favorably of morphine ; he thought more favorably still of the opening of a vein, employed by fastidious old Romans who had enough of feast and gladiators and life generally and wished for a chance to leave the entertainment. All this was the merest idleness of suggestion, a species of rather ghastly amusement, it is true, but none the less amusement, of an unemployed and melancholy mind. But suddenly, something new and hitherto unexperienced was over him, a mood which he had never imagined, a possibility which he had never grasped. His brain, tried to the extreme by genuine misery, tried in addition",morphine,Male,Anonymous
4901,"square table and a boy brought in bowls of tea, pale and scented with jasmine. The Manchu lady handed Kitty a green tin of Three Castles cigarettes. Beside the table and the chairs the room contained little furniture; there was a wide pallet bed on which was an embroidered head rest and two sandalwood chests. ""What does she do with herself all day long?"" asked Kitty. ""She paints a little and sometimes she writes a poem. But she mostly sits. She smokes, but only in moderation, which is fortunate, since one of my duties is to prevent the traffic in opium ."" ""Do you smoke?"" asked Kitty. ""Seldom. To tell you the truth I much prefer whisky."" There was in the room a faintly acrid smell; it was not unpleasant, but peculiar and exotic. ""Tell her that I am sorry I cannot talk to her. I am sure we have many things to say to one another."" When this was translated to the Manchu she gave Kitty a quick glance in which there was the hint of a smile. She was impressive as she sat, without embarrassment, in her beautiful clothes; and from the painted face the eyes looked out wary,",opium,Female,Kitty
1633,"you, but he has been hit awful hard too. You mustn't think too badly of me, Annie, but I have had such a bad time that I couldn't put up with it any longer, and I thought the best thing I could do would be to go.' That's just how he talked--nice words to hear your husband speak in your ear through the darkness! There was no time to send for the doctor, so I jumped out of bed, put the kettle on, and made him drink glass after glass of salt and water. At last he brought up the laudanum ."" Esther listened to the melancholy woman, and remembered the little man whom she saw every day so orderly, so precise, so sedate, so methodical, so unemotional, into whose life she thought no faintest emotion had ever entered--and this was the truth. ""So long as I only had myself to think of I didn't mind; but now there are the children growing up. He should think of them. Heaven only knows what will become of them... John is as kind a husband as ever was if it weren't for that one fault; but he cannot resist having something on any",laudanum,Male,Esther
678,"the bank? It was necessary to put the Lascar aside, gently and slowly, because it was necessary to save the boats, and, further, to demonstrate the extreme ease of the problem that looked so difficult. And then--but it was of no conceivable importance--a wire-rope raced through his hand, burning it, the high bank disappeared, and with it all the slowly dispersing factors of the problem. He was sitting in the rainy darkness--sitting in a boat that spun like a top, and Peroo was standing over him. “I had forgotten,” said the Lascar, slowly, “that to those fasting and unused, the opium is worse than any wine. Those who die in Gunga go to the Gods. Still, I have no desire to present myself before such great ones. Can the Sahib swim?” “What need? He can fly--fly as swiftly as the wind,” was the thick answer. “He is mad!” muttered Peroo, under his breath. “And he threw me aside like a bundle of dung-cakes. Well, he will not know his death. The boat cannot live an hour here even if she strike nothing. It is not good to look at death with a clear eye.” He refreshed himself again from the tin",opium,Male,Peroo
3768,"as Rose acknowledged, he sorely needed some one to keep him from fussing when she had gone to perform the same kind office to Lewis. Nevertheless, Gwen Boynton, when she came back to society after the shock of Dan's death, had lost some of her charm, and, from being a fascinating woman, had become elegant and interesting, as befitted one with a history. Life, she said, was so mysterious. Humanity a mere shuttlecock in the hand of Fate beaten backwards and forwards by devastating passions! Altogether the world was a sad sojourning in which a vague mysticism was the only anodyne for the sensitive. She became a half-hearted disciple of Madame Blavatsky's, and reached what may be called the climax of her kindly, absolutely untrustworthy nature, when with tears in her eyes and much gentle mournful resignation to the mysterious inevitable, she would tell the story which she had heard from Rose, of how Dan Fitzgerald and George Keene had been measured for heroes in the potter's yard, and of their sad deaths within the year. Of course it was incredible; and yet----? Thus, none of the actors in the little drama ever knew the whole truth about it. Gwen had",anodyne,Female,Rose
510,"fifty years of professional experience behind him. ""The man is dead, or I never saw death,"" he declared. ""By a hundred independent evidences we can be positive. Post-mortem stains have already appeared, and were they ever known on a living body? Of the others who died in this room I know nothing personally; but here is death, and in twenty-four hours the fact will be plain to the perception of an idiot. What has happened is this: the London police have heard of a famous, recent German case mentioned in 'Deutsche Medizinische Wochenschraft'--an astonishing thing. A woman, who had taken morphine and barbital, was found apparently dead after a night's exposure in some lonely spot. There were no reflexes, no pulse, no respiration or heart-beat. Yet she was alive--existing without oxygen--an impossibility as we had always supposed. Seeing no actual evidence of death, the physicians injected camphor and caffein and took other restorative steps, with the result that in an hour the woman breathed again! Twenty-four hours later she was conscious and able to speak. It is assumed that the poison and the cold night air together had paralyzed her vasomotor nerves and reduced her body to a state akin to",morphine,Female,Anonymous
3131,"diphtheria. He offered to perform tracheotomy, but as I considered that the respiratory centres had been paralyzed by morphine, I could see no advantage in that."" ""So whilst you two doctors argued, the patient died?"" ""It was too late for us to save her life. The coma was too deep. It was a hopeless case."" ""Now, then, Doctor, let us come to those symptoms. You enumerated a list, and claimed that you observed them all. The first is cold sweat. Did you notice that specially?"" ""The cold sweat was present, but not very marked. It would be less so with morphine than with other forms of opium."" ""Oh! So there was not much sweat after all? Now was there more than would be expected on a warm night such as that was?"" ""I think so. It is only valuable as a diagnostic sign in conjunction with the other symptoms."" ""Next we have slow pulse. This was a half hour before death. Does not the pulse become slow in many cases just before death?"" ""Yes."" ""Very good. Not much sweat, and slow pulse does not amount to anything. What next? Oh! 'stertorous breathing.' That is not uncommon in diphtheria, is it, Doctor?""",morphine,Male,Anonymous
4855,"the unpleasant after-effects of alcohol, or the so-called habit-forming drugs. In truth, many persons of weak individuality will be physically advanced by circine.” He continued to speak distinctly, in his thin, distant voice. “It is the prime virtue in circine that it builds up and hardens the individuality of the user. It makes him, in the end, wholly self-sufficient. He will not go to another for any element of sensation. It is the influence of exterior organisms that the circine continually resists. “All drugs released by us have had some psychic effect, as for example, the degenerative moral effect of opium . This psychic influence of circine is not degenerative in the individual, but it is eliminative of all influences psychic, exterior to the individual. I do not mean that it touches ordinary sensation which is of physical origin. But it removes all response to foreign psychic stimuli or physical stimuli moving from a psychic origin—as, for example, the love lure in its various psychic and psycho-physical expressions. “Under the influence of circine, that basic element of the individual which he calls himself is built up to a completeness which will wholly reject any sensation depending upon another, whether that sensation",opium,Unknown,Anonymous
2444,"their galleons in the Stock Exchange. Those five to gather at the call of Mr. Harley were of our modern Drakes. He told them, under seal of secrecy, Storri's programme, and put before them the documents, Russian, Canadian, and Chinese. Mr. Harley felt somewhat justified of his own enthusiasm when he observed the serious glow in the eyes of those five. They sent to Mott Street, and brought back a learned Oriental to translate the Chinese silk. The Mott Street one, himself a substantial merchant and a Mongol of high caste, appeared wrapped in rustling brocades and an odor of opium . When he beheld the yellow silk he bent himself, and smote the floor three times with his forehead. More than anything told by Mr. Harley did this profound obeisance of the Mott Street Oriental leave its impress upon the five. They, themselves, bowed to nothing save gold; the silken document must record a franchise of gravity and money-moment to thus set their visitor to beating the carpet with his head! Having done due honor to the Emperor's signature, the Mott Street one gave Mr. Harley and his friends the silken document's purport in English. It granted every right, railway,",opium,Male,Harley
2024,"Cochrane. Get up on the rocks presently, and you’ll see a lovely sight. No time to stop, for we shall be in action again in five minutes. Anything I can do before I go?” “You haven’t got such a thing as a cigar?” asked the Colonel wistfully. Archer drew a thick satisfying partaga from his case, and handed it down, with half-a-dozen wax vestas. Then he cantered after his men, and the old soldier leaned back against the rock and drew in the fragrant smoke. It was then that his jangled nerves knew the full virtue of tobacco, the gentle anodyne which stays the failing strength and soothes the worrying brain. He watched the dim blue reek swirling up from him, and he felt the pleasant aromatic bite upon his palate, while a restful languor crept over his weary and harassed body. The three ladies sat together upon a flat rock. “Good land, what a sight you are, Sadie!” cried Miss Adams suddenly, and it was the first reappearance of her old self. “What _would_ your mother say if she saw you? Why, sakes alive, your hair is full of straw and your frock clean crazy!” “I guess we all want",anodyne,Male,Archer
321,"for noisier and less-imposing precincts. It is so quiet, that you can almost hear the ticking of your own watch when you stop to cool in its refreshing atmosphere. There is a distant hum--of coaches, not of insects--but no other sound disturbs the stillness of the square. The ticket porter leans idly against the post at the corner: comfortably warm, but not hot, although the day is broiling. His white apron flaps languidly in the air, his head gradually droops upon his breast, he takes very long winks with both eyes at once; even he is unable to withstand the soporific influence of the place, and is gradually falling asleep. But now, he starts into full wakefulness, recoils a step or two, and gazes out before him with eager wildness in his eye. Is it a job, or a boy at marbles? Does he see a ghost, or hear an organ? No; sight more unwonted still--there is a butterfly in the square--a real, live butterfly! astray from flowers and sweets, and fluttering among the iron heads of the dusty area railings. But if there were not many matters immediately without the doors of Cheeryble Brothers, to engage the attention or distract",soporific,Male,Anonymous
2670,"is a model of candid statement, treating of Crabbe's little weaknesses--and who of us has not his little weaknesses--in the most cheery possible manner. It is perhaps a small matter to tell us in one place of his father's want of ""taste,"" his insensibility to the beauty of order in his composition--that had been done by the critics before him; but he even has something to say about the philandering which characterized the old gentleman in the last years of his life, his apparent anxiety to get married again. {106} The only thing that he all but ignores is Crabbe's opium habit--a habit that came to him as a sedative from a painful complaint and inspired, as was the case with Coleridge, his more melodious utterances. Taken altogether the picture is as pleasant as it is capable and exhaustive. We see his early boyhood at Aldeburgh, his schooldays: his first period of unhappiness at Slaughden Quay, his apprenticeship near Bury St. Edmunds, where we seem to hear his master's daughters, when he reached the door, exclaim with laughter, ""La! Here's our new 'prentice."" We follow him a little higher, to the house of the Woodbridge surgeon, then through his prolonged courtship",opium,Male,Woodbridge
4556,"awful strict, I expect” She sighed and sank back in her chair. “It’s such a large order--marriage. I’m so young. A girl mortgages her whole future.” She always approached these discussions from the angle of doubt. “When it was too late, you might see a girl you liked better.” He assured her of the impossibility. She shook her head wisely. “It has happened.” He read in her distrust the influence of the people among whom her girlhood had been spent, the Vashtis, Fluffys, and Mr. Daks--the slaves of freedom who, having disdained the best in life, used pleasure as a narcotic . He knew that it was not his inconstancy that she dreaded, but the chance that after marriage she herself might be fascinated by some man. The knowledge made him cautious. Nothing that he could say would carry any weight; he would be a defendant witnessing in his own defense. That she was willing to open her mind to him kept him hopeful. It was a step forward. He brought his mother to see her. When she had gone Desire said, “I know now what you meant when you wanted me to be proud of you. I’d give anything to",narcotic,Male,Daks
89,"of infidelity, and realizes the significance of the act without being wholly awakened from its glamour. The thought was passing vaguely through her mind, “What would he think?” She did not mean her husband; she was thinking of Robert Lebrun. Her husband seemed to her now like a person whom she had married without love as an excuse. She lit a candle and went up to her room. Alcée Arobin was absolutely nothing to her. Yet his presence, his manners, the warmth of his glances, and above all the touch of his lips upon her hand had acted like a narcotic upon her. She slept a languorous sleep, interwoven with vanishing dreams. XXVI Alcée Arobin wrote Edna an elaborate note of apology, palpitant with sincerity. It embarrassed her; for in a cooler, quieter moment it appeared to her absurd that she should have taken his action so seriously, so dramatically. She felt sure that the significance of the whole occurrence had lain in her own self-consciousness. If she ignored his note it would give undue importance to a trivial affair. If she replied to it in a serious spirit it would still leave in his mind the impression that she had",narcotic,Female,Arobin
3804,"Douglas occupied one end of the long low barrack of a place, and Herbert Erlton the other. The former having come back from the city in an evil temper to get something to eat before starting for Delhi, had found his horse, the Belooch, unaccountably indisposed; Jhungi, who had brought her there safely, professing entire ignorance of the cause, or, on pressure, suggesting the nefarious Bhungi. Tiddu asserting--with a calm assumption of superior knowledge, for which Jim Douglas could have kicked him--that the mare had been drugged. As if anybody could not tell that? And that the drug had been opium . To which the old scoundrel had replied affably that in that case the effects would pass off during the night, and the mare be none the worse; no one be any the worse, since the Huzoor was quite comfortable in Meerut, and could _easily stay another day_. It was a nicer place than Delhi; there were more sahibs in it, and the presence of the ""_ghora logue_"" (_i. e_., English soldiers) kept everyone virtuous. His hearer looked at him sharply. Here was some other trick, no doubt, to cozen him out of another five rupees; for something, maybe, as",opium,Male,Jim Douglas
4055,"have free access to my body, and you will attach the bandages upon my face to the little spring catch which you see upon the inside of the case, near the upper part. Cover my face and bandages well with plaster of Paris, so that no entrance may be given to the ozone. Take those eight bottles of ozone, and quickly empty the contents upon both sides of my body, into the side troughs which you see, and at once close the door. I will take this position at 2:30 o'clock, and immediately take a dose of five grains of opium . In twenty minutes after, by your watches, you will turn this wheel on the side, one point, and every minute thereafter a point, until the forty-five points, or full revolution of the wheel, have been passed over. This is to shut off the supply of air gradually as the ozone commences to enter through the pores of my body. Have some fresh plaster ready, so that the instant this is accomplished, you can, by quickly opening the little door, pull out the tube from my mouth, and cover the opening with a spoonful of plaster; then, as quickly as",opium,Unknown,Anonymous
111,"whom you, personally, may at some time unwittingly, have been--I am aware that much must be omitted. I have no space for lengthy examinations of the many points but ill illuminated with which it is dotted. This incident at the docks is but one such point. Another is the singular vision which appeared to me whilst I lay in the cellar of the house near Windsor. It has since struck me that it possessed peculiarities akin to those of a hashish hallucination. Can it be that we were drugged on that occasion with Indian hemp? Cannabis indica is a treacherous narcotic , as every medical man knows full well; but Fu-Manchu's knowledge of the drug was far in advance of our slow science. West's experience proved so much. I may have neglected opportunities--later, you shall judge if I did so--opportunities to glean for the West some of the strange knowledge of the secret East. Perhaps, at a future time, I may rectify my errors. Perhaps that wisdom--the wisdom stored up by Fu-Manchu--is lost forever. There is, however, at least a bare possibility of its survival, in part; and I do not wholly despair of one day publishing a scientific sequel to",narcotic,Male,Fu-Manchu's
3132,"good. Not much sweat, and slow pulse does not amount to anything. What next? Oh! 'stertorous breathing.' That is not uncommon in diphtheria, is it, Doctor?"" ""No."" ""Just so. Now then, 'gradually deepening coma.' That is to say, a slow sinking into unconsciousness. Or I might say, dying slowly. Is a slow death of this kind only possible where opium poisoning has occurred?"" ""No."" ""Lastly we have the contracted pupils. That is your best diagnostic symptom, is it not, Doctor?"" ""Yes. It is a plain indication of opium."" ""Now then, Doctor, admitting that the contracted pupils are a sign of morphine , how did you determine, in that darkened room, that there was a contraction of the pupils?"" ""I passed a candle before her eyes, and they gave no response, whilst the pupils were contracted minutely."" ""How small?"" ""As small as a pin's point."" ""Now then, Doctor, you answered a lengthy question for Mr. Munson and you told us that these symptoms, that is, all of them occurring together, would not be found in any other condition than that which in your opinion would be the result of opium poisoning. Please listen to this question and give me an answer. Suppose",morphine,Female,Munson
1971,"only--and the wrong one at that, as I suspected: that Jeffrey Blackmore's will was a perfectly regular, sound and valid document. I tried to attack the validity of the will from various directions, and failed every time. As to its genuineness, that was obviously not in question. There seemed to me only two conceivable respects in which any objection could be raised, viz. the competency of Jeffrey to execute a will and the possibility of undue influence having been brought to bear on him. With reference to the first, there was the undoubted fact that Jeffrey was addicted to the opium habit, and this might, under some circumstances, interfere with a testator's competency to make a will. But had any such circumstances existed in this case? Had the drug habit produced such mental changes in the deceased as would destroy or weaken his judgment? There was not a particle of evidence in favour of any such belief. Up to the very end he had managed his own affairs, and, if his habits of life had undergone a change, they were still the habits of a perfectly sane and responsible man. The question of undue influence was more difficult. If it applied",opium,Male,Jeffrey
2601,"and knew that here, indeed, was the limit of human habitation. Next day the work of exploration had begun in earnest. Week after week, with unwearying persistence, they had pushed on, upward, always upward, through regions sacred to the eagles and the clouds; working along streams that cut their way through hillsides steep as houses, or along tracks that ran to polished ledges of rock and dropped sheer to unimaginable depths; clambering over formidable ranges by any chance opening that could be dignified by the name of a pass; the eternally cheery Gurkhas solacing themselves with rum; the Pathans with opium ; the Scot with rare nips of brandy, on the bitterest nights. Still more rarely,--at wider and wider intervals of time,--he drew from his breast-pocket a pill-box, like the one still locked in his writing-table drawer at home. Its contents were running very low by now; and, once gone, they would never again be replenished. That he knew; with a knowledge born not of arrogance, but of faith that somehow, somewhen the right must prevail. And to-night,--as he sat alone by the fire, watching the greyness of death quench spark after spark of living light, while a late moon sailed",opium,Male,Scot
2512,"screens used to isolate dying patients had been placed against this cot, which was the last at that end of the ward, and the space beyond formed a secluded corner, where a few words could be exchanged out of reach of the eyes in the other beds. ""Is he asleep?"" Amherst asked, as Miss Brent joined him. Miss Brent glanced at him again. His voice betokened not merely education, but something different and deeper--the familiar habit of gentle speech; and his shabby clothes--carefully brushed, but ill-cut and worn along the seams--sat on him easily, and with the same difference. ""The morphine has made him drowsy,"" she answered. ""The wounds were dressed about an hour ago, and the doctor gave him a hypodermic."" ""The wounds--how many are there?"" ""Besides the hand, his arm is badly torn up to the elbow."" Amherst listened with bent head and frowning brow. ""What do you think of the case?"" She hesitated. ""Dr. Disbrow hasn't said----"" ""And it's not your business to?"" He smiled slightly. ""I know hospital etiquette. But I have a particular reason for asking."" He broke off and looked at her again, his veiled gaze sharpening to a glance of concentrated attention. ""You're not",morphine,Male,Brent
2120,"taken to his heels. No one knows where he is, or at least no one admits he does. You know these Oriental chaps. They can cover the scent of a rotten herring. He'll probably never turn up again. The place is too hot to hold him. He can finish his rotting in another corner of the Empire; and I wish Netta Ermsted joy of her bargain!"" ended Tommy with vindictive triumph. ""My good fellow!"" protested Bernard. Tommy uttered a reckless laugh. ""You know it as well as I do. She was done for from the moment he taught her the opium habit. There's no escape from that, and the devil knew it. I say, what a mercy it will be when you can get Tessa away to England."" ""And Stella too,"" said Bernard, turning to the subject with relief. ""You won't do that,"" said Tommy quickly. ""How do you know that?"" Bernard's look had something of a piercing quality. But Tommy eluded all search. ""I do know. I can't tell you how. But I'm certain--dead certain--that Stella won't go back to England with you this spring."" ""You're something of a prophet, Tommy,"" remarked Bernard, after an attentive pause. ""It's not my",opium,Male,Tommy
423,"He tossed the jemmy up to Coombes, and Coombes succeeded in catching it. Then Kerry raised the glass-less sash of the window and stepped into a little room, which he surveyed by the light of his electric torch. It was filthy and littered with rubbish, but showed no sign of having been occupied for a long time. The ceiling was nearly black, and so were the walls. He went out into a narrow passage similar to that in the house of Sin Sin Wa and leading to a stair. Walking quietly, he began to ascend. Mollie Gretna’s description of the opium -house had been most detailed and lurid, and he was prepared for some extravagant scene. He found three bare, dirty rooms, having all the windows boarded up. “Hell!” he said succinctly. Resting his torch upon a dust-coated ledge of the room, which presumably was situated in the front of the house, he deposited a cud of chewing-gum in the empty grate and lovingly selected a fresh piece from the packet which he always carried. Once more chewing he returned to the narrow passage, which he knew must be that in which the secret doorway had opened. It was uncarpeted and",opium,Male,Mollie Gretna’s
1730,"knew spoke my tongue, having sailed to Calcutta often with horses. So I told him all my tale, using bazaar-talk, such as his kidney of Sahib would understand; and at the end I said, “An order has reached us here from the dead that this is a Sahibs’ war. I take the soul of my Kurban Sahib to witness that I give over to the justice of the Sahibs these Sahibs who have made me childless.” Then I gave him the ropes and fell down senseless, my heart being very full, but my belly was empty, except for the little opium . They put me into a cart with one of their wounded, and after a while I understood that they had fought against the Boer-log for two days and two nights. It was all one big trap, Sahib, of which we, with Kurban Sahib, saw no more than the outer edge. They were very angry, the _Durro Muts_—very angry indeed. I have never seen Sahibs so angry. They buried my Kurban Sahib with the rites of his faith upon the top of the ridge overlooking the house, and I said the proper prayers of the faith, and Sikandar Khan prayed",opium,Male,Sikandar Khan
4167,"know--and he operated immediately.... Save it? Not a chance--arteries all torn--circulation stopped--nothing for it but the knife! The other leg we may save. He has a splendid constitution. Couldn't have kept him so long under chloroform else."" ""The other leg?"" ""Compound comminuted fracture of tibia and fibula, with extensive laceration of soft parts. Much extravasation. But vitality retained. Oh yes!--we may save that one. It's in plaster of Paris. He was removed into the surgical ward an hour ago. Do you want to see him?--he can't talk, I fancy, and he'd better not try. He's had a good deal of opium to allay pain, you see."" ""_May_ I see him? I should like to say I have to his little girl. Poor child! The _delirium tremens_ case was her uncle, and she has no mother. She's the poor chap's only child."" The House Surgeon put a book he had been looking into as he talked, inside a desk and locked it; wrote with extreme rapidity on half a sheet of note-paper as people write on the stage; handed it to a chubby nurse who seemed to have been indulging optimism while waiting for it; remarked to her, ""That's three hundred and",opium,Male,May
95,"I was with this form of gentle persuasion. ""Kop 'old o' that,"" he said, and thrust a coin into the Chinaman's yellow paw. ""Keep me waitin' an' I'll pull the dam' shop down, Charlie. You can lay to it."" ""No hab got pipee--"" began the other. Smith raised his fist, and Yan capitulated. ""Allee lightee,"" he said. ""Full up--no loom. You come see."" He dived behind the dirty curtain, Smith and I following, and ran up a dark stair. The next moment I found myself in an atmosphere which was literally poisonous. It was all but unbreathable, being loaded with opium fumes. Never before had I experienced anything like it. Every breath was an effort. A tin oil-lamp on a box in the middle of the floor dimly illuminated the horrible place, about the walls of which ten or twelve bunks were ranged and all of them occupied. Most of the occupants were lying motionless, but one or two were squatting in their bunks noisily sucking at the little metal pipes. These had not yet attained to the opium-smoker's Nirvana. ""No loom--samee tella you,"" said Shen-Yan, complacently testing Smith's shilling with his yellow, decayed teeth. Smith walked to a corner and",opium,Unknown,Anonymous
5100,"your debtors, that you will not now stultify your own self-sacrifice by imposing upon us a heritage of remorse? If you are in such danger, why not remain here with us?” He did not answer for some moments; but he shook his head very slightly as he gazed down on us. “As to life,” he said presently, “my compact is with the senses. There is a higher ideal to reach to, no doubt; but _Mordi_! I confess, for myself I cannot feel the epicure and play the ascetic. To continue in love with virtue, one must take it only, like opium , in occasional doses. An habitual indulgence in it degrades the picturesqueness of its own early evoking. Perhaps it should be ethically grateful to me to remain here to contemplate the fruit of my generosity ripening for another’s picking. Perhaps the guillotine is awaiting me in Paris. Well, mademoiselle, of the two evils I prefer the latter. Here, to feed on my own self-righteousness would be to starve at the end of a day; there, the glory of doing, of directing, of enjoying, will soon woo me from memory of a sentiment that was no more part of my real",opium,Unknown,Anonymous
309,"in her coffee. My attention was attracted by the story of Annie about some ‘salt’ on the tray of cocoa which she took every night to Mrs. Inglethorp’s room. I accordingly secured a sample of that cocoa, and sent it to be analysed.” “But that had already been done by Dr. Bauerstein,” said Lawrence quickly. “Not exactly. The analyst was asked by him to report whether strychnine was, or was not, present. He did not have it tested, as I did, for a narcotic.” “For a narcotic?” “Yes. Here is the analyst’s report. Mrs. Cavendish administered a safe, but effectual, narcotic to both Mrs. Inglethorp and Mademoiselle Cynthia. And it is possible that she had a _mauvais quart d’heure_ in consequence! Imagine her feelings when her mother-in-law is suddenly taken ill and dies, and immediately after she hears the word ‘Poison’! She has believed that the sleeping draught she administered was perfectly harmless, but there is no doubt that for one terrible moment she must have feared that Mrs. Inglethorp’s death lay at her door. She is seized with panic, and under its influence she hurries downstairs, and quickly drops the coffee-cup and saucer used by Mademoiselle Cynthia into a large",narcotic,Male,Cavendish
1565,"our pursuers came clattering into the courtyard. That is all I remember.' “'Well, it is monstrously rum,' Charley said after a pause. 'Did you understand what the old fellow was singing about before he gave us the pipes?' “'Yes; I caught the general drift. It was an entreaty to Siva to give us some glimpse of futurity which might benefit us.' “We lit our cheroots and rode for some miles at a brisk canter without remark. When we were within a short distance of home we reined up. “'I feel ever so much better,' Charley said. 'We have got that opium out of our heads now. How do you account for it all, Harley?' “'I account for it in this way, Charley. The opium naturally had the effect of making us both dream, and as we took similar doses of the same mixture, under similar circumstances, it is scarcely extraordinary that it should have effected the same portion of the brain, and caused a certain similarity in our dreams. In all nightmares something terrible happens, or is on the point of happening; and so it was here. Not unnaturally in both our cases our thoughts turned to soldiers. If you remember,",opium,Male,Charley
2378,"chief of the brigands discovered that these new arrivals were none other than the white people who had given him and his men a superdrug and thereby mulcted them out of the sacred white elephant which was to have brought them a fortune. Unfortunately, the men of Kathlyn's party laid aside their weapons on approaching the cage to tear away the brush. Eight brigands, at a sign from their chief, surrounded the investigators, who found themselves nicely caught. The natives fled incontinently. So did Bala Khan's camel men. ""Death if you move!"" snarled the chief. ""Ah, you gave us bad opium , and we dropped like logs! Swine!"" He raised his rifle threateningly. ""Wait a minute,"" said Bruce coolly. ""What you want is money."" ""Ay, money! Ten thousand rupees!"" ""It shall be given you if you let us go. You will conduct us over the hills to the sea, and there the money will be given you."" The chief laughed long and loudly. ""What! Am I a goat to put my head inside the tiger's jaws? Nay, I shall hold you here for ransom. Let them bring gold. Now, take hold,"" indicating the trap cage. ""We shall take this fine man",opium,Male,Bruce
2435,"almost cruelly saturnine. Yet he murmured under his breath:-- ""'All thoughts, all passions, all delights, Whatever stirs this mortal frame; Are but the ministers of Love, And feed his sacred flame!'"" ""What's that?"" she asked quickly. ""Poetry!"" he answered, ""by a man named Coleridge. He is dead now. He used to take opium, and he did not understand business matters. He was never rich in anything but thoughts."" She smiled brilliantly. ""How silly!"" she said. ""Yes, he was very silly,"" agreed Helmsley, watching her narrowly from under his half-closed eyelids. ""But most thinkers are silly, even when they don't take opium . They believe in Love."" She coloured. She caught the sarcastic inflection in his tone. But she was silent. ""Most men who have lived and worked and suffered,"" he went on, ""come to know before they die that without a great and true love in their lives, their work is wasted, and their sufferings are in vain. But there are exceptions, of course. Some get on very well without love at all, and perhaps these are the most fortunate."" ""I am sure they are!"" she said decisively. He picked up two or three of the rose-petals her restless fingers had",opium,Male,Coleridge
3575,"would say two things, Sir Thomas. First of all, that no fine matters; and secondly, that I shouldn't in the least mind doing six months if necessary. This great game is worth more than that. But secondly, and you may really put your mind at ease, we shall _not_ be found out. I have worked the thing out to a hair's breadth and my system is so complete that discovery is utterly impossible."" ""I oughtn't to let you risk it, though of course I shall share equally if anything happens."" He disregarded this entirely. ""But the stuff,"" I said, ""the opium itself, how will you get that?"" ""I have made my plans here also. I shall have to pay a price so enormous that I'm afraid it will stagger you, Sir Thomas, but it's the only way in which I can get hold of the right stuff. For what it is intrinsically worth, about sixty pounds sterling, your east-end dealer will pay four-hundred pounds, and make a big profit on it. I shall have to pay nearly a thousand and I shall want double that money--two thousand pounds."" He stared at me in anxiety. ""My dear Rolston,"" I said, ""cheer up.",opium,Male,Thomas
2943,"story, and determined to witness for myself the scenes you had observed. Settle it for once and all in your mind. I was troubled with no superstitious fears upon the matter. I guessed the truth."" Hervey broke off, but resumed quickly. ""That evening I returned to the graveyard surreptitiously, and took up a position in the black shelter of the surrounding woods. I saw all you saw. But the robed figures were not the ghosts which you thought them to be; they were Chinese, carrying their boxes and bundles of personal luggage, and, I have no doubt, a cargo of opium . Then I understood that the graveyard was honeycombed with cellars, and that this place formed the central depôt of Iredale's traffic and his distributing station. I can understand how these 'yellow-devils' are distributed by means of loaded hayracks and such things. The point I have not fathomed is the means by which the 'goods' are brought into the country. I suggest the only means I can think of as being almost without risk, and that is the lake."" Hervey paused to watch the effect of his story. Prudence gave no sign. She no longer looked at her companion, but",opium,Male,Anonymous
4689,"the matter over coldly and with deliberation, he regretted that he had not been able to hear the shameful suggestions of Godovius on the evening of the rains; for if he had heard him he would assuredly have shot him where he stood, and the world would have been rid of another wild animal, as savage as any beast in the bush but without any redeeming dower of beauty. He would have shot him. There would have been another murder to his account. But this time he would not have needed to change his name, to lie hidden in an opium house or ship furtively under a strange flag. No . . . the matter would have been far simpler. He would have stepped out into the bush a free man, and then the vastness of Central Africa would have swallowed him up, him and his name. He would have trekked to recesses where no European could have found him. He would simply have disappeared. Perhaps he would have lived for many years: the M‘Craes were a long-lived race. Perhaps he would have died soon and in violence: it would have made no difference. The life which he would have led",opium,Male,bush
981,"The regulations had also been improved under his auspices. The entrance fee was imperceptibly raised, while the conditions of entry were relaxed. It was his lady's idea originally. She made it clear that the more numerous the members the greater the quantity of whisky consumed--the greater, therefore, their profits; quite apart from the possibility of additional subscriptions being paid. He agreed. Then, in a sudden glow of commercial enthusiasm, he proceeded to hint that ladies should also be admitted. Regretfully she put her foot down. Anywhere else the proposal would have been welcome. It was out of the question on Nepenthe . ""You're forgetting that Wilberforce woman,"" she said. ""She would have to be carried home every night. It couldn't be done, Freddy. We might as well shut up the shop at once. People would get talking about the place--you know how they talk, as it is."" Miss Wilberforce was a pathetic local figure, a lady by birth, with a ready tongue, wiry limbs, and an insatiable craving for alcohol. She would unavoidably have damaged the reputation of the place, to say nothing of its furniture. She had gone from bad to worse lately. ""Perhaps you're right, Lola. It isn't worth",nepenthe,Unknown (Proper Noun),Anonymous
5157,"Quentin arrives, takes charge of the curry, _and gives Mr. Paynter an injection_--of strychnine, he says, but really of yellow jasmine--a poisonous dose. When the drug begins to take effect, he departs, after unlatching the window. Then, in the night, he returns by the window, finds the manuscript, and shoves Mr. Paynter into the fire. He does not heed the newspaper that drops to the floor and is covered by the old man's body. Paynter knew what drug he had been given, and strove to accuse the Big Four of his murder. It is easy for Quentin to mix powdered opium with the curry before handing it over to be analysed. He gives his version of the conversation with the old man, and mentions the strychnine injection casually, in case the mark of the hypodermic needle is noticed. Suspicion at once is divided between accident and the guilt of Ah Ling owing to the poison in the curry."" ""But Dr. Quentin cannot be Number Four?"" ""I fancy he can. There is undoubtedly a real Dr. Quentin who is probably abroad somewhere. Number Four has simply masqueraded as him for a short time. The arrangements with Dr. Bolitho were all carried out",opium,Male,Quentin
5313,"not know, that all-important fact, which would have meant so much to Denzil and his aunt, that there had been two suicides, and not only one. And Comrade Dawkes was not one to court publicity. If the crew of the _George Barnes_ had but known the story of the girl who dropped out of the window! But they did not know it. So in London the police searched, and Denzil advertised, and Levy and Rankin Leigh waited for the upshot of it all. But nothing happened. No body was discovered in the Thames; no young man under the influence of laudanum was to be found in any police-station or hospital. The invitations for the house-party at Normansgrave were not dispatched. The Squire retired in bitterness of spirit to his study, where he sat up half the night, and departed to London next morning by an early train. And down in the cottage hospital at Aylfleet lay Veronica Leigh, for two days delirious, for two or three days more weak and hardly conscious; and then, again, for some days slowly gaining strength and grip on life. An interest in her recovery and in hearing reports of her progress was the only thing",laudanum,Male,Rankin Leigh
4071,"set forth in Sir Walter Raleigh-like language ringing with at least the assurance of its own stateliness and power:-- ""O just, subtle, and all-conquering opium! that to the hearts of rich and poor alike, for the wounds that will never heal and for the pangs of grief that 'tempt the spirit to rebel,' bringest an assuaging balm:--eloquent opium! that with thy potent rhetoric stealest away the purposes of wrath, pleadest effectually for relenting pity, and through one night's heavenly sleep callest back to the guilty man the visions of his infancy, and hands washed pure from blood;--O just and righteous opium ! that to the chancery of dreams summonest for the triumphs of despairing innocence false witnesses, confoundest perjury, and dost reverse the sentences of unrighteous judges; then buildest upon the bosom of darkness, out of the fantastic imagery of the brain, cities and temples, beyond the art of Phidias and Praxiteles--beyond the splendours of Babylon and Hekatòmpylos; and, 'from the anarchy of dreaming sleep' cullest into sunny light the faces of long-buried beauties, and the blessed household countenances, cleansed from the 'dishonours of the grave.' Thou only givest those gifts to man; and thou hast the keys to Paradise, O",opium,Male,Walter Raleigh
4002,"1816 that Coleridge took refuge from himself and the world and came to the Gillmans of Highgate, and became the great lay preacher of his time. Before this he had been staying at 42, Norfolk Street, Strand, and consulting a physician, Dr. Joseph Adams, who recommended him to Mr. Gillman. The letter of Dr. Adams to Mr. Gillman is as follows: Hatton Garden, April 9, 1816. Dear Sir. A very learned, but in one respect an unfortunate gentleman, has applied to me on a singular occasion. He has for several years been in the habit of taking large quantities of opium . For some time past he has been in vain endeavouring to break himself of it. It is apprehended his friends are not firm enough, from a dread, lest he should suffer by suddenly leaving it off, though he is conscious of the contrary; and has proposed to me to submit himself to any regimen, however severe. With this view he wishes to fix himself in the house of some medical gentleman, who will have courage to refuse him any laudanum, and under whose assistance, should he be the worse for it, he may be relieved. As he is desirous",opium,Male,Hatton Garden
4428,"guard him better. I know a place, a farmhouse, near Villiers-St.-Jacques, where we can get board. He has a little income, which reaches him every three months from England. Oh, very little, but if I am careful of it, it will pay our way. And then—I will make him work.” “Oh, no,” I protested. “You’re not going to leave the Quarter.” And I’m ashamed to acknowledge, I laboured hard to dissuade her. “Think how we’ll miss you. Think how you’ll bore yourself. And anyhow, he’s not worth it. And besides, you won’t succeed. A man who has an appetite for opium will get it, coûte que coûte. He’d walk twenty miles in bare feet to get it.” This was the argument that I repeated in a dozen different paraphrases. You see, I hadn’t realised yet that it didn’t matter an atom whether she succeeded, or whether he was worth it. He was a mere instrument in the hands of Providence. Let her succeed or let her fail in keeping him from opium: the important thing... how shall I put it? This little Undine had risen out of the black waters of the Latin Quarter, and attached herself to a mortal. What",opium,Male,Undine
