,Etext Number,Keyword,Snippet,Title,Authors,LoCC,Bookshelves,Subjects,rights,Published Year,Normalised Authors,Author Gender,Author Nationality,Author Birth,Author Death,Author Info Source,Author Info Found,Number of books by author
16,145,opium,"it may confidently await those messages from the universe which summon it to its peculiar work, only placing itself in an attitude of receptivity towards all sublime chances. The attitudes of receptivity are various, and Will had sincerely tried many of them. He was not excessively fond of wine, but he had several times taken too much, simply as an experiment in that form of ecstasy; he had fasted till he was faint, and then supped on lobster; he had made himself ill with doses of opium. Nothing greatly original had resulted from these measures; and the effects of the opium had convinced him that there was an entire dissimilarity between his constitution and De Quincey’s. The superadded circumstance which would evolve the genius had not yet come; the universe had not yet beckoned. Even Caesar’s fortune at one time was but a grand presentiment. We know what a masquerade all development is, and what effective shapes may be disguised in helpless embryos. In fact, the world is full of hopeful analogies and handsome dubious eggs called possibilities. Will saw clearly enough the pitiable instances of long incubation producing no chick, and but for gratitude would have laughed at Casaubon, whose",Middlemarch,"Eliot, George",PR,Historical Fiction; Best Books Ever Listings; Browsing: Culture/Civilization/Society; Browsing: History - British; Browsing: Literature; Browsing: Fiction,City and town life -- Fiction ; Love stories ; Young women -- Fiction ; Married people -- Fiction ; England -- Fiction ; Didactic fiction ; Bildungsromans ; PR ; Domestic fiction,Public domain in the USA.,1871,George Eliot,female,English,1819.0,1880.0,Wikipedia,True,9
17,145,opium,"guinea when everybody knows that the seats have been sold wholesale. Wait for wisdom and conscience in public agents—fiddlestick! The only conscience we can trust to is the massive sense of wrong in a class, and the best wisdom that will work is the wisdom of balancing claims. That’s my text—which side is injured? I support the man who supports their claims; not the virtuous upholder of the wrong.” “That general talk about a particular case is mere question begging, Ladislaw. When I say, I go in for the dose that cures, it doesn’t follow that I go in for opium in a given case of gout.” “I am not begging the question we are upon—whether we are to try for nothing till we find immaculate men to work with. Should you go on that plan? If there were one man who would carry you a medical reform and another who would oppose it, should you inquire which had the better motives or even the better brains?” “Oh, of course,” said Lydgate, seeing himself checkmated by a move which he had often used himself, “if one did not work with such men as are at hand, things must come to a",Middlemarch,"Eliot, George",PR,Historical Fiction; Best Books Ever Listings; Browsing: Culture/Civilization/Society; Browsing: History - British; Browsing: Literature; Browsing: Fiction,City and town life -- Fiction ; Love stories ; Young women -- Fiction ; Married people -- Fiction ; England -- Fiction ; Didactic fiction ; Bildungsromans ; PR ; Domestic fiction,Public domain in the USA.,1871,George Eliot,female,English,1819.0,1880.0,Wikipedia,True,9
18,145,opium,"of miracle-workers. Some of that twice-blessed mercy was always with Lydgate in his work at the Hospital or in private houses, serving better than any opiate to quiet and sustain him under his anxieties and his sense of mental degeneracy. Mr. Farebrother’s suspicion as to the opiate was true, however. Under the first galling pressure of foreseen difficulties, and the first perception that his marriage, if it were not to be a yoked loneliness, must be a state of effort to go on loving without too much care about being loved, he had once or twice tried a dose of opium . But he had no hereditary constitutional craving after such transient escapes from the hauntings of misery. He was strong, could drink a great deal of wine, but did not care about it; and when the men round him were drinking spirits, he took sugar and water, having a contemptuous pity even for the earliest stages of excitement from drink. It was the same with gambling. He had looked on at a great deal of gambling in Paris, watching it as if it had been a disease. He was no more tempted by such winning than he was by drink.",Middlemarch,"Eliot, George",PR,Historical Fiction; Best Books Ever Listings; Browsing: Culture/Civilization/Society; Browsing: History - British; Browsing: Literature; Browsing: Fiction,City and town life -- Fiction ; Love stories ; Young women -- Fiction ; Married people -- Fiction ; England -- Fiction ; Didactic fiction ; Bildungsromans ; PR ; Domestic fiction,Public domain in the USA.,1871,George Eliot,female,English,1819.0,1880.0,Wikipedia,True,9
19,145,opium,"of gambling in Paris, watching it as if it had been a disease. He was no more tempted by such winning than he was by drink. He had said to himself that the only winning he cared for must be attained by a conscious process of high, difficult combination tending towards a beneficent result. The power he longed for could not be represented by agitated fingers clutching a heap of coin, or by the half-barbarous, half-idiotic triumph in the eyes of a man who sweeps within his arms the ventures of twenty chapfallen companions. But just as he had tried opium , so his thought now began to turn upon gambling—not with appetite for its excitement, but with a sort of wistful inward gaze after that easy way of getting money, which implied no asking and brought no responsibility. If he had been in London or Paris at that time, it is probable that such thoughts, seconded by opportunity, would have taken him into a gambling-house, no longer to watch the gamblers, but to watch with them in kindred eagerness. Repugnance would have been surmounted by the immense need to win, if chance would be kind enough to let him. An",Middlemarch,"Eliot, George",PR,Historical Fiction; Best Books Ever Listings; Browsing: Culture/Civilization/Society; Browsing: History - British; Browsing: Literature; Browsing: Fiction,City and town life -- Fiction ; Love stories ; Young women -- Fiction ; Married people -- Fiction ; England -- Fiction ; Didactic fiction ; Bildungsromans ; PR ; Domestic fiction,Public domain in the USA.,1871,George Eliot,female,English,1819.0,1880.0,Wikipedia,True,9
20,145,opium,"disease. Still, new symptoms may arise. I shall come again to-morrow morning.” After waiting for the note to be carried to Mrs. Bulstrode, Lydgate rode away, forming no conjectures, in the first instance, about the history of Raffles, but rehearsing the whole argument, which had lately been much stirred by the publication of Dr. Ware’s abundant experience in America, as to the right way of treating cases of alcoholic poisoning such as this. Lydgate, when abroad, had already been interested in this question: he was strongly convinced against the prevalent practice of allowing alcohol and persistently administering large doses of opium ; and he had repeatedly acted on this conviction with a favorable result. “The man is in a diseased state,” he thought, “but there’s a good deal of wear in him still. I suppose he is an object of charity to Bulstrode. It is curious what patches of hardness and tenderness lie side by side in men’s dispositions. Bulstrode seems the most unsympathetic fellow I ever saw about some people, and yet he has taken no end of trouble, and spent a great deal of money, on benevolent objects. I suppose he has some test by which he finds out",Middlemarch,"Eliot, George",PR,Historical Fiction; Best Books Ever Listings; Browsing: Culture/Civilization/Society; Browsing: History - British; Browsing: Literature; Browsing: Fiction,City and town life -- Fiction ; Love stories ; Young women -- Fiction ; Married people -- Fiction ; England -- Fiction ; Didactic fiction ; Bildungsromans ; PR ; Domestic fiction,Public domain in the USA.,1871,George Eliot,female,English,1819.0,1880.0,Wikipedia,True,9
21,145,opium,"here yourself?” said Lydgate, looking at Bulstrode with an abrupt question, which made him uneasy, though in reality it was not due to any suspicious conjecture. “Yes, I think so,” said Bulstrode, governing himself and speaking with deliberation. “Mrs. Bulstrode is advised of the reasons which detain me. Mrs. Abel and her husband are not experienced enough to be left quite alone, and this kind of responsibility is scarcely included in their service of me. You have some fresh instructions, I presume.” The chief new instruction that Lydgate had to give was on the administration of extremely moderate doses of opium , in case of the sleeplessness continuing after several hours. He had taken the precaution of bringing opium in his pocket, and he gave minute directions to Bulstrode as to the doses, and the point at which they should cease. He insisted on the risk of not ceasing; and repeated his order that no alcohol should be given. “From what I see of the case,” he ended, “narcotism is the only thing I should be much afraid of. He may wear through even without much food. There’s a good deal of strength in him.” “You look ill yourself, Mr. Lydgate—a",Middlemarch,"Eliot, George",PR,Historical Fiction; Best Books Ever Listings; Browsing: Culture/Civilization/Society; Browsing: History - British; Browsing: Literature; Browsing: Fiction,City and town life -- Fiction ; Love stories ; Young women -- Fiction ; Married people -- Fiction ; England -- Fiction ; Didactic fiction ; Bildungsromans ; PR ; Domestic fiction,Public domain in the USA.,1871,George Eliot,female,English,1819.0,1880.0,Wikipedia,True,9
22,145,opium,"at the persistent life in this man, whom he would fain have seen sinking into the silence of death: imperious will stirred murderous impulses towards this brute life, over which will, by itself, had no power. He said inwardly that he was getting too much worn; he would not sit up with the patient to-night, but leave him to Mrs. Abel, who, if necessary, could call her husband. At six o’clock, Raffles, having had only fitful perturbed snatches of sleep, from which he waked with fresh restlessness and perpetual cries that he was sinking away, Bulstrode began to administer the opium according to Lydgate’s directions. At the end of half an hour or more he called Mrs. Abel and told her that he found himself unfit for further watching. He must now consign the patient to her care; and he proceeded to repeat to her Lydgate’s directions as to the quantity of each dose. Mrs. Abel had not before known anything of Lydgate’s prescriptions; she had simply prepared and brought whatever Bulstrode ordered, and had done what he pointed out to her. She began now to ask what else she should do besides administering the opium. “Nothing at present, except the",Middlemarch,"Eliot, George",PR,Historical Fiction; Best Books Ever Listings; Browsing: Culture/Civilization/Society; Browsing: History - British; Browsing: Literature; Browsing: Fiction,City and town life -- Fiction ; Love stories ; Young women -- Fiction ; Married people -- Fiction ; England -- Fiction ; Didactic fiction ; Bildungsromans ; PR ; Domestic fiction,Public domain in the USA.,1871,George Eliot,female,English,1819.0,1880.0,Wikipedia,True,9
23,145,opium,"Bulstrode began to administer the opium according to Lydgate’s directions. At the end of half an hour or more he called Mrs. Abel and told her that he found himself unfit for further watching. He must now consign the patient to her care; and he proceeded to repeat to her Lydgate’s directions as to the quantity of each dose. Mrs. Abel had not before known anything of Lydgate’s prescriptions; she had simply prepared and brought whatever Bulstrode ordered, and had done what he pointed out to her. She began now to ask what else she should do besides administering the opium . “Nothing at present, except the offer of the soup or the soda-water: you can come to me for further directions. Unless there is any important change, I shall not come into the room again to-night. You will ask your husband for help if necessary. I must go to bed early.” “You’ve much need, sir, I’m sure,” said Mrs. Abel, “and to take something more strengthening than what you’ve done.” Bulstrode went away now without anxiety as to what Raffles might say in his raving, which had taken on a muttering incoherence not likely to create any dangerous belief. At",Middlemarch,"Eliot, George",PR,Historical Fiction; Best Books Ever Listings; Browsing: Culture/Civilization/Society; Browsing: History - British; Browsing: Literature; Browsing: Fiction,City and town life -- Fiction ; Love stories ; Young women -- Fiction ; Married people -- Fiction ; England -- Fiction ; Didactic fiction ; Bildungsromans ; PR ; Domestic fiction,Public domain in the USA.,1871,George Eliot,female,English,1819.0,1880.0,Wikipedia,True,9
24,145,opium,"him from seeing the one probability to be, that Raffles recovered would be just the same man as before, with his strength as a tormentor renewed, obliging him to drag away his wife to spend her years apart from her friends and native place, carrying an alienating suspicion against him in her heart. He had sat an hour and a half in this conflict by the firelight only, when a sudden thought made him rise and light the bed-candle, which he had brought down with him. The thought was, that he had not told Mrs. Abel when the doses of opium must cease. He took hold of the candlestick, but stood motionless for a long while. She might already have given him more than Lydgate had prescribed. But it was excusable in him, that he should forget part of an order, in his present wearied condition. He walked up-stairs, candle in hand, not knowing whether he should straightway enter his own room and go to bed, or turn to the patient’s room and rectify his omission. He paused in the passage, with his face turned towards Raffles’s room, and he could hear him moaning and murmuring. He was not asleep, then.",Middlemarch,"Eliot, George",PR,Historical Fiction; Best Books Ever Listings; Browsing: Culture/Civilization/Society; Browsing: History - British; Browsing: Literature; Browsing: Fiction,City and town life -- Fiction ; Love stories ; Young women -- Fiction ; Married people -- Fiction ; England -- Fiction ; Didactic fiction ; Bildungsromans ; PR ; Domestic fiction,Public domain in the USA.,1871,George Eliot,female,English,1819.0,1880.0,Wikipedia,True,9
25,145,opium,"towards Raffles’s room, and he could hear him moaning and murmuring. He was not asleep, then. Who could know that Lydgate’s prescription would not be better disobeyed than followed, since there was still no sleep? He turned into his own room. Before he had quite undressed, Mrs. Abel rapped at the door; he opened it an inch, so that he could hear her speak low. “If you please, sir, should I have no brandy nor nothing to give the poor creetur? He feels sinking away, and nothing else will he swaller—and but little strength in it, if he did—only the opium . And he says more and more he’s sinking down through the earth.” To her surprise, Mr. Bulstrode did not answer. A struggle was going on within him. “I think he must die for want o’ support, if he goes on in that way. When I nursed my poor master, Mr. Robisson, I had to give him port-wine and brandy constant, and a big glass at a time,” added Mrs. Abel, with a touch of remonstrance in her tone. But again Mr. Bulstrode did not answer immediately, and she continued, “It’s not a time to spare when people are at",Middlemarch,"Eliot, George",PR,Historical Fiction; Best Books Ever Listings; Browsing: Culture/Civilization/Society; Browsing: History - British; Browsing: Literature; Browsing: Fiction,City and town life -- Fiction ; Love stories ; Young women -- Fiction ; Married people -- Fiction ; England -- Fiction ; Didactic fiction ; Bildungsromans ; PR ; Domestic fiction,Public domain in the USA.,1871,George Eliot,female,English,1819.0,1880.0,Wikipedia,True,9
26,145,opium,"cheerfulness in his tone. “He’s gone very deep, sir,” said Mrs. Abel. “He went off gradual between three and four o’clock. Would you please to go and look at him? I thought it no harm to leave him. My man’s gone afield, and the little girl’s seeing to the kettles.” Bulstrode went up. At a glance he knew that Raffles was not in the sleep which brings revival, but in the sleep which streams deeper and deeper into the gulf of death. He looked round the room and saw a bottle with some brandy in it, and the almost empty opium phial. He put the phial out of sight, and carried the brandy-bottle down-stairs with him, locking it again in the wine-cooler. While breakfasting he considered whether he should ride to Middlemarch at once, or wait for Lydgate’s arrival. He decided to wait, and told Mrs. Abel that she might go about her work—he could watch in the bed-chamber. As he sat there and beheld the enemy of his peace going irrevocably into silence, he felt more at rest than he had done for many months. His conscience was soothed by the enfolding wing of secrecy, which seemed just then like",Middlemarch,"Eliot, George",PR,Historical Fiction; Best Books Ever Listings; Browsing: Culture/Civilization/Society; Browsing: History - British; Browsing: Literature; Browsing: Fiction,City and town life -- Fiction ; Love stories ; Young women -- Fiction ; Married people -- Fiction ; England -- Fiction ; Didactic fiction ; Bildungsromans ; PR ; Domestic fiction,Public domain in the USA.,1871,George Eliot,female,English,1819.0,1880.0,Wikipedia,True,9
27,145,opium,"more thorough utterance of what had gone on in his mind—entering fully into the fact that his treatment of the patient was opposed to the dominant practice, into his doubts at the last, his ideal of medical duty, and his uneasy consciousness that the acceptance of the money had made some difference in his private inclination and professional behavior, though not in his fulfilment of any publicly recognized obligation. “It has come to my knowledge since,” he added, “that Hawley sent some one to examine the housekeeper at Stone Court, and she said that she gave the patient all the opium in the phial I left, as well as a good deal of brandy. But that would not have been opposed to ordinary prescriptions, even of first-rate men. The suspicions against me had no hold there: they are grounded on the knowledge that I took money, that Bulstrode had strong motives for wishing the man to die, and that he gave me the money as a bribe to concur in some malpractices or other against the patient—that in any case I accepted a bribe to hold my tongue. They are just the suspicions that cling the most obstinately, because they lie",Middlemarch,"Eliot, George",PR,Historical Fiction; Best Books Ever Listings; Browsing: Culture/Civilization/Society; Browsing: History - British; Browsing: Literature; Browsing: Fiction,City and town life -- Fiction ; Love stories ; Young women -- Fiction ; Married people -- Fiction ; England -- Fiction ; Didactic fiction ; Bildungsromans ; PR ; Domestic fiction,Public domain in the USA.,1871,George Eliot,female,English,1819.0,1880.0,Wikipedia,True,9
28,145,anodyne,"that all this effect on her nervous system, which evidently involved some new turning towards himself, was due to the excitement of the new impressions which that visit had raised. CHAPTER LXXIX. “Now, I saw in my dream, that just as they had ended their talk, they drew nigh to a very miry slough, that was in the midst of the plain; and they, being heedless, did both fall suddenly into the bog. The name of the slough was Despond.”—BUNYAN. When Rosamond was quiet, and Lydgate had left her, hoping that she might soon sleep under the effect of an anodyne , he went into the drawing-room to fetch a book which he had left there, meaning to spend the evening in his work-room, and he saw on the table Dorothea’s letter addressed to him. He had not ventured to ask Rosamond if Mrs. Casaubon had called, but the reading of this letter assured him of the fact, for Dorothea mentioned that it was to be carried by herself. When Will Ladislaw came in a little later Lydgate met him with a surprise which made it clear that he had not been told of the earlier visit, and Will could not",Middlemarch,"Eliot, George",PR,Historical Fiction; Best Books Ever Listings; Browsing: Culture/Civilization/Society; Browsing: History - British; Browsing: Literature; Browsing: Fiction,City and town life -- Fiction ; Love stories ; Young women -- Fiction ; Married people -- Fiction ; England -- Fiction ; Didactic fiction ; Bildungsromans ; PR ; Domestic fiction,Public domain in the USA.,1871,George Eliot,female,English,1819.0,1880.0,Wikipedia,True,9
218,507,narcotic,"large beautiful ear-rings, such as were all the fashion; to have Nottingham lace round the top of her gown, and something to make her handkerchief smell nice, like Miss Lydia Donnithorne’s when she drew it out at church; and not to be obliged to get up early or be scolded by anybody. She thought, if Adam had been rich and could have given her these things, she loved him well enough to marry him. But for the last few weeks a new influence had come over Hetty—vague, atmospheric, shaping itself into no self-confessed hopes or prospects, but producing a pleasant narcotic effect, making her tread the ground and go about her work in a sort of dream, unconscious of weight or effort, and showing her all things through a soft, liquid veil, as if she were living not in this solid world of brick and stone, but in a beatified world, such as the sun lights up for us in the waters. Hetty had become aware that Mr. Arthur Donnithorne would take a good deal of trouble for the chance of seeing her; that he always placed himself at church so as to have the fullest view of her both sitting",Adam Bede,"Eliot, George",PR,Historical Fiction; Banned Books from Anne Haight's list; Browsing: History - British; Browsing: Literature; Browsing: Fiction,Illegitimate children -- Fiction ; Triangles (Interpersonal relations) -- Fiction ; Love stories ; Infanticide -- Fiction ; Women clergy -- Fiction ; England -- Fiction ; Didactic fiction ; Carpenters -- Fiction ; PR,Public domain in the USA.,1859,George Eliot,female,English,1819.0,1880.0,Wikipedia,True,9
227,550,opium,"husband would be smiling and smiled upon, hiding _her_ existence in the darkest corner of his heart. But she would mar his pleasure: she would go in her dingy rags, with her faded face, once as handsome as the best, with her little child that had its father’s hair and eyes, and disclose herself to the Squire as his eldest son’s wife. It is seldom that the miserable can help regarding their misery as a wrong inflicted by those who are less miserable. Molly knew that the cause of her dingy rags was not her husband’s neglect, but the demon Opium to whom she was enslaved, body and soul, except in the lingering mother’s tenderness that refused to give him her hungry child. She knew this well; and yet, in the moments of wretched unbenumbed consciousness, the sense of her want and degradation transformed itself continually into bitterness towards Godfrey. _He_ was well off; and if she had her rights she would be well off too. The belief that he repented his marriage, and suffered from it, only aggravated her vindictiveness. Just and self-reproving thoughts do not come to us too thickly, even in the purest air, and with the best",Silas Marner,"Eliot, George",PR,Browsing: Culture/Civilization/Society; Browsing: Literature; Browsing: Fiction,Adopted children -- Fiction ; Fathers and daughters -- Fiction ; Weavers -- Fiction ; England -- Fiction ; Foundlings -- Fiction ; PR ; Domestic fiction,Public domain in the USA.,1861,George Eliot,female,English,1819.0,1880.0,Wikipedia,True,9
228,550,laudanum,"in a small mincing treble. “And there’s sweet Miss Nancy coming; and we shall dance with her, and promise never to be naughty again, and be taken into favour, and—” “Hold your tongue about Miss Nancy, you fool,” said Godfrey, turning red, “else I’ll throttle you.” “What for?” said Dunsey, still in an artificial tone, but taking a whip from the table and beating the butt-end of it on his palm. “You’ve a very good chance. I’d advise you to creep up her sleeve again: it ’ud be saving time, if Molly should happen to take a drop too much laudanum some day, and make a widower of you. Miss Nancy wouldn’t mind being a second, if she didn’t know it. And you’ve got a good-natured brother, who’ll keep your secret well, because you’ll be so very obliging to him.” “I’ll tell you what it is,” said Godfrey, quivering, and pale again, “my patience is pretty near at an end. If you’d a little more sharpness in you, you might know that you may urge a man a bit too far, and make one leap as easy as another. I don’t know but what it is so now: I may as",Silas Marner,"Eliot, George",PR,Browsing: Culture/Civilization/Society; Browsing: Literature; Browsing: Fiction,Adopted children -- Fiction ; Fathers and daughters -- Fiction ; Weavers -- Fiction ; England -- Fiction ; Foundlings -- Fiction ; PR ; Domestic fiction,Public domain in the USA.,1861,George Eliot,female,English,1819.0,1880.0,Wikipedia,True,9
1289,6688,opium,"always be treated with authority in spite of his superior knowingness, had necessarily a fatal fascination for Tom; and every holiday-time Maggie was sure to have days of grief because he had gone off with Bob. Well! there was no hope for it; he was gone now, and Maggie could think of no comfort but to sit down by the hollow, or wander by the hedgerow, and fancy it was all different, refashioning her little world into just what she should like it to be. Maggie’s was a troublous life, and this was the form in which she took her opium . Meanwhile Tom, forgetting all about Maggie and the sting of reproach which he had left in her heart, was hurrying along with Bob, whom he had met accidentally, to the scene of a great rat-catching in a neighbouring barn. Bob knew all about this particular affair, and spoke of the sport with an enthusiasm which no one who is not either divested of all manly feeling, or pitiably ignorant of rat-catching, can fail to imagine. For a person suspected of preternatural wickedness, Bob was really not so very villanous-looking; there was even something agreeable in his snub-nosed face, with",The Mill on the Floss,"Eliot, George",PR,Harvard Classics; Browsing: Culture/Civilization/Society; Browsing: Literature; Browsing: Fiction,Conflict of generations -- Fiction ; Vendetta -- Fiction ; Water mills -- Fiction ; Love stories ; Young women -- Fiction ; Psychological fiction ; England -- Fiction ; Loss (Psychology) -- Fiction ; Siblings -- Fiction ; PR ; Domestic fiction,Public domain in the USA.,1860,George Eliot,female,English,1819.0,1880.0,Wikipedia,True,9
1290,6688,opium,"have always had so much pain mingled with it. I wish I could make myself a world outside it, as men do.” “Now you are returning to your old thought in a new form, Maggie,—the thought I used to combat,” said Philip, with a slight tinge of bitterness. “You want to find out a mode of renunciation that will be an escape from pain. I tell you again, there is no such escape possible except by perverting or mutilating one’s nature. What would become of me, if I tried to escape from pain? Scorn and cynicism would be my only opium ; unless I could fall into some kind of conceited madness, and fancy myself a favourite of Heaven because I am not a favourite with men.” The bitterness had taken on some impetuosity as Philip went on speaking; the words were evidently an outlet for some immediate feeling of his own, as well as an answer to Maggie. There was a pain pressing on him at that moment. He shrank with proud delicacy from the faintest allusion to the words of love, of plighted love that had passed between them. It would have seemed to him like reminding Maggie of",The Mill on the Floss,"Eliot, George",PR,Harvard Classics; Browsing: Culture/Civilization/Society; Browsing: Literature; Browsing: Fiction,Conflict of generations -- Fiction ; Vendetta -- Fiction ; Water mills -- Fiction ; Love stories ; Young women -- Fiction ; Psychological fiction ; England -- Fiction ; Loss (Psychology) -- Fiction ; Siblings -- Fiction ; PR ; Domestic fiction,Public domain in the USA.,1860,George Eliot,female,English,1819.0,1880.0,Wikipedia,True,9
1291,6688,opium,"has left all these charitable gallantries to me. I hope you’ll reproach him for his shabby conduct.” She returned his smile and bow without speaking, and he turned away, only then observing Stephen and nodding to him. Maggie, conscious that Stephen was still there, busied herself with counting money, and avoided looking up. She had been well pleased that he had devoted himself to Lucy to-day, and had not come near her. They had begun the morning with an indifferent salutation, and both had rejoiced in being aloof from each other, like a patient who has actually done without his opium , in spite of former failures in resolution. And during the last few days they had even been making up their minds to failures, looking to the outward events that must soon come to separate them, as a reason for dispensing with self-conquest in detail. Stephen moved step by step as if he were being unwillingly dragged, until he had got round the open end of the stall, and was half hidden by a screen of draperies. Maggie went on counting her money till she suddenly heard a deep gentle voice saying, “Aren’t you very tired? Do let me bring",The Mill on the Floss,"Eliot, George",PR,Harvard Classics; Browsing: Culture/Civilization/Society; Browsing: Literature; Browsing: Fiction,Conflict of generations -- Fiction ; Vendetta -- Fiction ; Water mills -- Fiction ; Love stories ; Young women -- Fiction ; Psychological fiction ; England -- Fiction ; Loss (Psychology) -- Fiction ; Siblings -- Fiction ; PR ; Domestic fiction,Public domain in the USA.,1860,George Eliot,female,English,1819.0,1880.0,Wikipedia,True,9
1363,7469,opium,"as if you had been in the country, old fellow. Is it Cambridge you have been to?” “No,” said Hans, curtly, throwing down his palette with the air of one who has begun to feign by mistake; then pushing forward a chair for Deronda, he threw himself into another, and leaned backward with his hands behind his head, while he went on, “I’ve been to I-don’t-know-where—No man’s land—and a mortally unpleasant country it is.” “You don’t mean to say you have been drinking, Hans,” said Deronda, who had seated himself opposite, in anxious survey. “Nothing so good. I’ve been smoking opium . I always meant to do it some time or other, to try how much bliss could be got by it; and having found myself just now rather out of other bliss, I thought it judicious to seize the opportunity. But I pledge you my word I shall never tap a cask of that bliss again. It disagrees with my constitution.” “What has been the matter? You were in good spirits enough when you wrote to me.” “Oh, nothing in particular. The world began to look seedy—a sort of cabbage-garden with all the cabbages cut. A malady of genius, you",Daniel Deronda,"Eliot, George",PR,Browsing: Culture/Civilization/Society; Browsing: Literature; Browsing: Fiction,Zionists -- Fiction ; England -- Fiction ; Didactic fiction ; Jewish fiction ; Jews -- England -- Fiction ; PR,Public domain in the USA.,1876,George Eliot,female,English,1819.0,1880.0,Wikipedia,True,9
1641,10762,opium,"harmoniously great, must belong to a nation of this order, if not in actual existence yet existing in the past, in memory, as a departed, invisible, beloved ideal, once a reality, and perhaps to be restored. A common humanity is not yet enough to feed the rich blood of various activity which makes a complete man. The time is not come for cosmopolitanism to be highly virtuous, any more than for communism to suffice for social energy. I am not bound to feel for a Chinaman as I feel for my fellow-countryman: I am bound not to demoralise him with opium , not to compel him to my will by destroying or plundering the fruits of his labour on the alleged ground that he is not cosmopolitan enough, and not to insult him for his want of my tailoring and religion when he appears as a peaceable visitor on the London pavement. It is admirable in a Briton with a good purpose to learn Chinese, but it would not be a proof of fine intellect in him to taste Chinese poetry in the original more than he tastes the poetry of his own tongue. Affection, intelligence, duty, radiate from a centre,",Impressions of Theophrastus Such,"Eliot, George",PR,Browsing: Culture/Civilization/Society; Browsing: Literature; Browsing: Fiction,Authors -- Fiction ; Character sketches ; England -- Fiction ; PR,Public domain in the USA.,1870,George Eliot,female,English,1819.0,1880.0,Wikipedia,True,9
2145,17780,opium,"hardly have chosen a less suitable walk, for though the rain was abating, and presently ceased altogether, there was still a smart shower falling from the trees which arched over the greater part of her way. But she found just the desired relief from her feverish excitement in labouring along the wet paths with an umbrella that made her arm ache. This amount of exertion was to her tiny body what a day’s hunting often was to Mr. Gilfil, who at times had _his_ fits of jealousy and sadness to get rid of, and wisely had recourse to nature’s innocent opium --fatigue. When Caterina reached the pretty arched wooden bridge which formed the only entrance to the Mosslands for any but webbed feet, the sun had mastered the clouds, and was shining through the boughs of the tall elms that made a deep nest for the gardener’s cottage--turning the raindrops into diamonds, and inviting the nasturtium flowers creeping over the porch and low-thatched roof to lift up their flame-coloured heads once more. The rooks were cawing with many-voiced monotony, apparently--by a remarkable approximation to human intelligence--finding great conversational resources in the change of weather. The mossy turf, studded with the broad",Scenes of Clerical Life,"Eliot, George",PR,Browsing: Culture/Civilization/Society; Browsing: Literature; Browsing: Fiction,England -- Social life and customs -- 19th century -- Fiction ; PR ; Clergy -- Fiction,Public domain in the USA.,1857,George Eliot,female,English,1819.0,1880.0,Wikipedia,True,9
2466,24020,anodyne,"has been removed, and the camp has to be repaired. “How are we to raise the money for the French king? How are we to manage the war with those obstinate Pisan rebels? Above all, how are we to mend our plan of government, so as to hit on the best way of getting our magistrates chosen and our laws voted?” Till those questions were well answered trade was in danger of standing still, and that large body of the working men who were not counted as citizens and had not so much as a vote to serve as an anodyne to their stomachs were likely to get impatient. Something must be done. And first the great bell was sounded, to call the citizens to a parliament in the Piazza de’ Signori; and when the crowd was wedged close, and hemmed in by armed men at all the outlets, the Signoria (or Gonfaloniere and eight Priors for the time being) came out and stood by the stone lion on the platform in front of the Old Palace, and proposed that twenty chief men of the city should have dictatorial authority given them, by force of which they should for one year",Romola,"Eliot, George",PR,Browsing: Culture/Civilization/Society; Browsing: History - General; Browsing: Literature; Browsing: Fiction,"Savonarola, Girolamo, 1452-1498 -- Fiction ; Married women -- Fiction ; Greeks -- Italy -- Florence -- Fiction ; Psychological fiction ; Florence (Italy) -- Fiction ; Self-sacrifice -- Fiction ; PR ; Historical fiction ; Women -- Italy -- Florence -- Fiction ; Domestic fiction",Public domain in the USA.,1862,George Eliot,female,English,1819.0,1880.0,Wikipedia,True,9
2593,28289,opium,"see, then, that I have no arms, and thus cannot help thee?” Since 1848, then, this poet, whom the lovely objects of Nature have always “haunted like a passion,” has not descended from the second story of a Parisian house; this man of hungry intellect has been shut out from all direct observation of life, all contact with society, except such as is derived from visitors to his sick-room. The terrible nervous disease has affected his eyes; the sight of one is utterly gone, and he can only raise the lid of the other by lifting it with his finger. Opium alone is the beneficent genius that stills his pain. We hardly know whether to call it an alleviation or an intensification of the torture that Heine retains his mental vigor, his poetic imagination, and his incisive wit; for if this intellectual activity fills up a blank, it widens the sphere of suffering. His brother described him in 1851 as still, in moments when the hand of pain was not too heavy on him, the same Heinrich Heine, poet and satirist by turns. In such moments he would narrate the strangest things in the gravest manner. But when he came to","The Essays of ""George Eliot""
Complete","Eliot, George",PR,Browsing: History - General; Browsing: Literature,Literature -- History and criticism ; PR,Public domain in the USA.,1876,George Eliot,female,English,1819.0,1880.0,Wikipedia,True,9
3462,40882,opium,"bearer. This commission, which was given between three and four o'clock, happened to be very unwelcome to the courier. The fact was that Mr. Christian, who had been remarkable through life for that power of adapting himself to circumstances which enables a man to fall safely on all-fours in the most hurried expulsions and escapes, was not exempt from bodily suffering--a circumstance to which there is no known way of adapting one's self so as to be perfectly comfortable under it, or to push it off on to other people's shoulders. He did what he could: he took doses of opium when he had an access of nervous pains, and he consoled himself as to future possibilities by thinking that if the pains ever became intolerably frequent, a considerable increase in the dose might put an end to them altogether. He was neither Cato nor Hamlet, and though he had learned their soliloquies at his first boarding-school, he would probably have increased his dose without reciting those master-pieces. Next to the pain itself he disliked that any one should know of it: defective health diminished a man's market value; he did not like to be the object of the sort of","Felix Holt, the Radical","Eliot, George",PR,Browsing: Culture/Civilization/Society; Browsing: Literature; Browsing: Politics; Browsing: Fiction,Legal stories ; Love stories ; Triangles (Interpersonal relations) -- Fiction ; Fathers and daughters -- Fiction ; Political fiction ; Elections -- Fiction ; England -- Fiction ; Radicals -- Fiction ; PR ; Domestic fiction,Public domain in the USA.,1898,George Eliot,female,English,1819.0,1880.0,Wikipedia,True,9
3463,40882,opium,"house privately, and after delivering his packet to Mr. Debarry, shut himself up till the ringing of the half-hour bell. But when he reached an elbowed seat under some sycamores, he felt so ill at ease that he yielded to the temptation of throwing himself on it to rest a little. He looked at his watch: it was but five; he had done his errand quickly hitherto, and Mr. Debarry had not urged haste. But in less than ten minutes he was in a sound sleep. Certain conditions of his system had determined a stronger effect than usual from the opium . As he had expected, there were servants strolling in the park, but they did not all choose the most frequented part. Mr. Scales, in pursuit of a light flirtation with the younger lady's maid, had preferred a more sequestered walk in the company of that agreeable nymph. And it happened to be this pair, of all others, who alighted on the sleeping Christian--a sight which at the very first moment caused Mr. Scales a vague pleasure as at an incident that must lead to something clever on his part. To play a trick, and make some one or other","Felix Holt, the Radical","Eliot, George",PR,Browsing: Culture/Civilization/Society; Browsing: Literature; Browsing: Politics; Browsing: Fiction,Legal stories ; Love stories ; Triangles (Interpersonal relations) -- Fiction ; Fathers and daughters -- Fiction ; Political fiction ; Elections -- Fiction ; England -- Fiction ; Radicals -- Fiction ; PR ; Domestic fiction,Public domain in the USA.,1898,George Eliot,female,English,1819.0,1880.0,Wikipedia,True,9
3464,40882,anodyne,"to the end of men's struggles a penalty will remain for those who sink from the ranks of the heroes into the crowd for whom the heroes fight and die. One day, however, Annette learned Mr. Lyon's secret. The baby had a tooth coming, and being large and strong now, was noisily fretful. Mr. Lyon, though he had been working extra hours and was much in need of repose, took the child from its mother immediately on entering the house and walked about with it, patting and talking soothingly to it. The stronger grasp, the new sensations, were a successful anodyne , and baby went to sleep on his shoulder. But fearful lest any movement should disturb it, he sat down, and endured the bondage of holding it still against his shoulder. ""You do nurse baby well,"" said Annette, approvingly. ""Yet you never nursed before I came?"" ""No,"" said Mr. Lyon. ""I had no brothers and sisters."" ""Why were you not married?"" Annette had never thought of asking that question before. ""Because I never loved any woman--till now. I thought I should never marry. Now I wish to marry."" Annette started. She did not see at once that she was the","Felix Holt, the Radical","Eliot, George",PR,Browsing: Culture/Civilization/Society; Browsing: Literature; Browsing: Politics; Browsing: Fiction,Legal stories ; Love stories ; Triangles (Interpersonal relations) -- Fiction ; Fathers and daughters -- Fiction ; Political fiction ; Elections -- Fiction ; England -- Fiction ; Radicals -- Fiction ; PR ; Domestic fiction,Public domain in the USA.,1898,George Eliot,female,English,1819.0,1880.0,Wikipedia,True,9
