model_group,Topic,Count,Name,Representation,Representative_Docs
context_leaf_mcs80_ms1_nn12,-1,8344,-1_room_eyes_good_house,"['room', 'eyes', 'good', 'house', 'woman', 'great', 'away', 'face', 'hand', 'saw', 'death', 'small']","['its natural history with due details of all manner of poppies their indigenous habitats botanical characters ratios of increase and the like its human history discovery as a drug how when where and by whom cultivated dissertations as to the possibility of chaldean pharaonic grecian or roman opium eating with most erudite extracts out of all sorts of scribes from sanchoniathon down to juvenal on these topics its medicinal uses properties accidents and abuses as to whether it might not be used homoeopathically or in infinitesimal doses to infuse a love of the pleasures of imagination into clodpoles lawyers clerks and country cousins its intellectual possibilities of usefulness stimulating the brain its moral ditto allaying irritability together with a dreadful detail of its evils in excess idiotizing immoralizing ruining soul and body', 'neither does a great nation send its poor little boys to jail for stealing six walnuts and allow its bankrupts to steal their hundreds of thousands with a bow and its bankers rich with poor men s savings to close their doors under circumstances over which they have no control with a by your leave and large landed estates to be bought by men who have made their money by going with armed steamers up and down the china seas selling opium at the cannon s mouth and altering for the benefit of the foreign nation the common highwayman s demand of your money or your life into that of your money and your life neither does a great nation allow the lives of its innocent poor to be parched out of them by fog fever and rotted out of them by dunghill plague for the sake of sixpence a life extra per week to its landlords and then debate with drivelling tears and diabolical sympathies whether it ought not piously to save and nursingly cherish the lives of its murderers', 'most brilliant and intense verdure and crowned with its bell shaped flowers of the most vivid and gorgeous flame colour the beautiful cotton wood tree softly powdered over with its formless snowy blossoms the queenly magnolia grandiflora with its glittering green foliage and dazzling white flowers and rich oppressive aroma the pretty red bud with its umbrella shaped top its crumpled heart shaped leaves and scarlet tufts the bois d arc in full bloom the most splendid and magnificent of ornamental trees uniting the rarest qualities of the orange tree and the catalpa the chinidine with its vivid green foliage and brilliant purple flowers dropping delicious but heavy narcotic odours weighing down the nerves and brain into luxurious repose and stupefying the very birds that shelter in its aromatic shades so that they may be taken captive with the bare hand the imperial catalpa sovereign of the grove by virtue of the grandeur and elegance of its form the grace and beauty of its foliage and the ambrosial perfume of its flowers filling all the air around with its delightful fragrance and many many others so various beautiful and aromatic that one is lost and entranced amid the luxuriating wealth of the grove']"
context_leaf_mcs80_ms1_nn12,0,843,0_habit_smoking_drug_eater,"['habit', 'smoking', 'drug', 'eater', 'doc', 'drink', 'smoker', 'taking', 'use', 'money', 'gave', 'pipe']","['he had no public he was poor infirm homeless loveless travel and adventure were cut off from him and he had no minor risks to run the cruel necessities of labor sapped his dreams from a boy morbid fancies mastered him as the rider masters his horse the demon of opium then the demon of alcohol pulled him under body and soul despite a persistent and heart breaking struggle and he perished ignobly in his prime could a combination of evils have been imagined more poignantly appealing to this young champion of shipwrecked souls', 'upon these entrancing and well discussed plans however the shadow of the grasping and commonplace ah ping has fallen like the inopportune opium pipe from the mouth of a person examining substances of an explosive nature for the one referred to demands a large and utterly unobtainable amount of taels before he will suffer his greatly sought after daughter to accept the gifts of irretrievable intention grievous indeed is your plight replied quen when he thus understood the manner of obstacle which impeded his son s hopes for in the nature of taels the most diverse men are to be measured through the same mesh', 'of his young life he had been assistant to pericles priam and had traveled over america selling priam s peerless pain paralyzer they had ridden in an automobile and wherever there was a fair or a convention or an excursion or a picnic they were on hand and pericles priam would stop at a place where the crowds were thickest and ring a dinner bell and deliver his super eloquent message to humanity the elixir of life revealed suffering banished from the earth and all inconveniences of this mortal state brought to an end for one dollar per bottle of fifteen per cent opium']"
context_leaf_mcs80_ms1_nn12,1,477,1_truth_kai lung_power_kai,"['truth', 'kai lung', 'power', 'kai', 'story', 'misery', 'lung', 'nature', 'bitter', 'meant', 'sense', 'mind']","['he had of late taken pains to inform himself of the experience of others who had passed down the same dark slippery path and when he tried to diminish instead of increasing his doses of morphia he had received fearful warnings of the awful chasm that intervened between himself and safety', 'manifestedly the pointed finger of the unreliable kai lung is a very treacherous guide it is related said a dispassionate voice behind them that a person of limited intelligence on being assured that he would certainly one day enjoy an adequate competence if he closely followed the industrious habits of the thrifty bee spent the greater part of his life in anointing his thighs with the yellow powder which he laboriously collected from the flowers of the field', 'or mounting with infirm unsearching tread his hopes to chaos led he may have stumbled up there from the past and with an aching strangeness viewed the last abysmal conflagration of his dreams a flame where nothing seems to burn but flame itself by nothing fed and while it all went out not even the faint anodyne of doubt may then have eased a painful going down from pictured heights of power and lost renown revealed at length to his outlived endeavor remote and unapproachable forever and at his heart there may have gnawed sick memories of a dead faith foiled and flawed and long dishonored by the living death assigned alike by chance to brutes and hierophants and anguish fallen on those he loved around him may once have dealt the last blow to confound him and so have left him as death leaves a child who sees it all too near and he who knows']"
context_leaf_mcs80_ms1_nn12,2,439,2_dream_god_fear_art,"['dream', 'god', 'fear', 'art', 'church', 'spiritual', 'mind', 'love', 'religion', 'christ', 'misery', 'faith']","['the church is made gorgeous with soft lights and colours glorious music resounds through the building and the mind drowses gently under the influence of the latin chanting which we need not follow unless we like we are permitted to believe that a large number of saints and angels are specially looking after us and that the sweet virgin mary is ever ready with outstretched hands to listen to all our little griefs and vexations', 'know then that not only is there a mysterious and powerful sympathy between man s body and all things outside of it but it is still more true that a greater one exists between these outside things and his soul within as is proved by the astonishing power over it exerted by various substances most of which especially the last eight ought to be banished from the earth and be accursed for ever for instance belladonna cantharadin beng opium hasheesh dewammeskh hyndee tartooroh hab zafereen mah rubah gunjah and many other vegetable preparations that might be named and every one of which will not merely affect the body but the tremendous mystery that lies concealed within it', 'they leave all hope behind who enter there one certitude while sane they cannot leave one anodyne for torture and despair the certitude of death which no reprieve can put off long and which divinely tender but waits the outstretched hand to promptly render that draught whose slumber nothing can bereave though the garden of thy life be wholly waste the sweet flowers withered the fruit trees barren over its wall hang ever the rich dark clusters of the vine of death within easy reach of thy hand which may pluck of them when it will']"
context_leaf_mcs80_ms1_nn12,3,344,3_bottle_dose_drops_doctor,"['bottle', 'dose', 'drops', 'doctor', 'chemist', 'pint', 'weak', 'vial', 'phial', 'spirits', 'poured', 'taken']","['and you remember from the eleventh book in its earlier part that laudanum already existed in eden nay that it was used medicinally by an archangel for after michael had purged with euphrasy and rue the eyes of adam lest he should be unequal to the mere sight of the great visions about to unfold their draperies before him next he fortifies his fleshly spirits against the affliction of these visions of which visions the first was death', 'it first gave me the most delicious flow of spirits and afterwards as comfortable a nap lady mary wortley montagu has recorded how her cousin s happy constitution even when half demolished could enjoy with undiminished zest a venison pasty or a flask of champagne surely none other than henry fielding could have recorded with like zest this delicious flow of spirits and comfortable nap derived from a dose of laudanum', 'it first gave me the most delicious flow of spirits and afterwards as comfortable a nap lady mary wortley montagu has recorded how her cousin s happy constitution even when half demolished could enjoy with undiminished zest a venison pasty or a flask of champagne surely none other than henry fielding could have recorded with like zest this delicious flow of spirits and comfortable nap derived from a dose of laudanum']"
context_leaf_mcs80_ms1_nn12,4,335,4_face_door_eyes_chair,"['face', 'door', 'eyes', 'chair', 'head', 'clothes', 'flung', 'wore', 'floor', 'open', 'hat', 'foot']","['unintelligible as he watches the spasmodic shoots and darts that break out of her face and limbs like fitful lightning out of a dark sky some contagion in them seizes upon him insomuch that he has to withdraw himself to a lean arm chair by the hearth placed there perhaps for such emergencies and to sit in it holding tight until he has got the better of this unclean spirit of imitation', 'once he advanced towards the fire and then shrunk back a second time he advanced and receded trembling visibly for it was an act of felony he thought of performing then fiercely crushing the envelope in his hand he stepped forward when the lamp was dashed over and as he started round a cold chill struck through him for he was forced upon his knees while ever tightening and crushing down even the gurgling cry he half uttered there was a bony set of fingers at his throat', 'the dim light traced out a network of tiny lines which covered the yellow face from the pointed chin to the top of the great domed brow and formed deep shadow pools in the hollows beneath his eyes']"
context_leaf_mcs80_ms1_nn12,5,327,5_doctor_physician_fever_ill,"['doctor', 'physician', 'fever', 'ill', 'patient', 'surgeon', 'symptoms', 'medical', 'morrhage', 'hospital', 'wounds', 'stomach']","['corporal mulligan a basin and sponge and desire dr i did not catch the name to step this way the corporal a black bearded connaught ranger who had lost an eye at alma brought what the surgeon required he then placed a handkerchief to my nostrils there was a bubbling sensation in the brain but momentary as the handkerchief contained chloroform then something peaceful soporific and soothing stole over me and for a time i became oblivious of all around me', 'here for instance in this one ward were as many as fifty patients in every stage of wounds fever and suffering so nervous so restless so excitable as not to be able to bear a ray of light or a sound of noise yet exposed to the bright flaring of the gas burners to the irrepressible groans tossings and complainings of their companions and to the necessary movements of the doctors nurses and assistants', 'then he said at midnight these poor fellows lying here and there all over this place will begin to mourn and mutter and lament and make outcries and if this commotion should disturb henry it will be bad for him therefore ask the physician on watch to give him an eighth of a grain of morphine but this is not to be done unless henry shall show signs that he is being disturbed oh well never mind the rest of it']"
context_leaf_mcs80_ms1_nn12,6,311,6_rita_gretna_mollie_mollie gretna,"['rita', 'gretna', 'mollie', 'mollie gretna', 'insane', 'husband', 'eater', 'pipe', 'wild', 'smoked', 'poppies', 'surely rita pipe']","['it wasn t right old fellow you oughtn t then he gave it up and smiled helplessly you belong my good friend tsang what thing you wantchee a slow smile broke the brass like stillness of tsang foo s face pipe he gasped softly opium velly good make land and sea all same by an by the wild oats of a spinster judging from appearances miss lucinda perkins was justifying her reason for being by conforming absolutely to her environment', 'not all its wizardry of gleaming lights in hut and shop its firefly paper lanterns its murmuring strangeness could weigh against the vexing fact that his ship had missed the tide and that though her full cargo of tea rattan tapioca cacao and opium was under hatches she still lay made fast to the bamboo mooring piles', 'well dan she called so gaily that he said to himself no father hasn t told her anything about it and was instantly able to answer her as cheerfully well mother he bent over her to kiss her and the odour of the clean linen mingling with that of the opium and the cologne with which she had tried to banish its scent opened to him one of those vast reaches of associations which perfumes can unlock and he saw her lying there through those years of pain as many as half his life and suddenly the tears gushed into his eyes and he fell on his knees and hid his face in the bed clothes and sobbed']"
context_leaf_mcs80_ms1_nn12,7,305,7_diphtheria_died_sloane_death,"['diphtheria', 'died', 'sloane', 'death', 'caused death', 'caused', 'illness', 'mabel', 'died poisoning', 'taken', 'disease', 'dose']","['what is your opinion of that i found evidences in the throat and adjacent parts that the woman had had diphtheria but from the total absence of false membrane i should say that she was well on the way to a recovery from that disease at the time of her death then from these facts do you think that she died of opium poisoning i think it most probable judging by what i found after death it has been testified by the physician in charge of the case that the symptoms of morphine poisoning were sufficiently marked for him to deem antidotes necessary prior to death', 'she is never likely to be short of postage stamps or of money for current expenses or to leave small debts unpaid or small obligations uncancelled and then to content herself with saying oh i forgot that there is no one on whom i should more surely rely for knowing in a common sense unprofessional way not only what remedy to take for any illness or what measures to resort to in case of a burn scald or fractured limb but what antidote to administer for any poison accidentally taken whether hot brandy and water for prussic acid milk for vitriol or an emetic for opium followed by draughts of vinegar and water thus preparing the way for the doctor she had lost no time in summoning but who might not be able instantly to answer her summons', 'you have testified that you attended this girl in her last illness as a physician you are familiar with death from diphtheria you have stated what are the symptoms of morphine or opium poisoning and that you observed them in this case further that an identical set of symptoms would not occur in any other disease known to you now from these facts what would you say caused the death of miss mabel sloane i should say that she died of a poisonous dose of some form of opium probably morphine you may take the witness said mr']"
context_leaf_mcs80_ms1_nn12,8,302,8_poetry_poems_literary_book,"['poetry', 'poems', 'literary', 'book', 'poet', 'prose', 'literature', 'poets', 'genius', 'wrote', 'essays', 'keats']","['one individual in particular a man of genuine literary and critical ability and great taste in the matter of all the arts but with no least interest in or tolerance for the simplicities of effort came here occasionally as i heard to help him pile hay and this in a silk shirt and a monocle a second and a most fascinating intellectual flaneur who however had no vision or the gift of dreams came to eat drink talk of many things to be done to steal a few ideas borrow a little money perhaps or consume a little morphine and depart a third came to spout of his success in connection with plays or his proposed successes a fourth to paint a picture urged on by l a fifth to compose rural verse a sixth a broker or race track tout or city bar tender for color this last to marvel that one of l s sense or any one indeed should live in the country at all', 'nice read all in two languages shall have for their entertainment the assembly journal for the day the verbatim record of the last meetings of the assembly and committees selected press opinions of the affair these are often very entertaining and journalists approach them with the additional interest engendered by the hope that the comments they themselves have sent home to their papers may have been selected for quotation in passing it may be observed that henry beechtree had in this matter no luck and all kinds of documents dealing with every kind of matter the traffic in women children and opium the admission of a new state to the league international disputes disagreeable telegrams from one country about another the cost of living in geneva the organisation of international statistics international health or international education the economic weapon of the league the status or the frontiers of a central european state the desirability of a greater or a less great publicity messages from the esperanto congress and so on and so forth every kind of taste is in fact catered for', 'with an enormous mass of printed stuff wrecked in your memory letters simply hundreds of letters legends and theories huddled together in a heap with all values and proportions lost and your impression is of tumult and of suffering and of a multitude of confused and incongruous happenings funerals and flirtations or something very like flirtations to the sound of the passing bell and sexton s chisel upheavals of soul flights to and from brussels interminable years of exile and of lurid tragic passion years interminable monotonous years of potato peeling and all manner of household piety scenes of debauchery horrors of opium and of drink celebrity cataclysmal celebrity rushings up to town in storm and darkness dim coffee houses in paternoster row dinner parties deaths funerals melancholia and still celebrity years interminable monotonous years of blazing celebrity sounds of the literary workshop overpowering the sexton s chisel then marriage sudden and swift then death']"
context_leaf_mcs80_ms1_nn12,9,300,9_sound_trees_atmosphere_forest,"['sound', 'trees', 'atmosphere', 'forest', 'air', 'sea', 'blue', 'sky', 'summer', 'hills', 'sun', 'bee']","['field and forest call i there is a field that leans upon two hills foamed o er of flowers and twinkling with clear rills that in its girdle of wild acres bears the anodyne of rest that cures all cares wherein soft wind and sun and sound are blent with fragrance as in some old instrument sweet chords calm things that nature s magic spell distills from heaven s azure crucible and pours on earth to make the sick mind well', 'i see african and asiatic towns i see algiers tripoli derne mogadore timbuctoo monrovia i see the swarms of pekin canton benares delhi calcutta yedo i see the kruman in his hut and the dahoman and ashantee man in their huts i see the turk smoking opium in aleppo i see the picturesque crowds at the fairs of khiva and those of herat i see teheran i see muscat and medina and the intervening sands i see the caravans toiling onward i see egypt and the egyptians i see the pyramids and obelisks i look on chiselled histories songs philosophies cut in slabs of sandstone or on granite blocks i see at memphis mummy pits containing mummies embalmed swathed in linen cloth lying there many centuries i look on the fallen theban the large balled eyes the side drooping neck the hands folded across the breast', 'we have the boisterous bee the velvet darkness of the pines the horizon s primrose bar the night and her innumerable eyes the hushed elbow of the reedy leas where the heron finds peace the bales of solid sleep in which the opium is packed the loadstone cliff at which the fluttering magnets leap with lying poles the tight curls closing like the marigold of the young athlete the eye of the woodman that flickers keen as the flashing of a snipe through beds of windless rushes the poet passes the charcoal burner s hut and says i love to watch the pale blue spire his scented labour builds above it in the june garden he notes how spring and summer flowers arrange their aromatic interchange he hears the small hushed cry of crisp dry life the terebinth gives beneath the graver s knife to the']"
context_leaf_mcs80_ms1_nn12,10,277,10_drink_wine_brandy_poison,"['drink', 'wine', 'brandy', 'poison', 'drunk', 'drinking', 'cup', 'alcohol', 'coffee', 'ale', 'water', 'poisons']","['see the poisons come trooping in squat green vials blazoned red with grinning skulls strychnine a pallid dust of tiny grains like bones ground fine and next the muddy green of arsenic all livid likest the face of one long dead they creep along the dusty shelf like deadly beetles whose fangs are carved with runnels that the blood may run down easily to the blind mouth that snaps and gapes and high above them there my master s pride a', 'thing does not lead to its desire showing the increasing appetency of those sottish serics for the forbidden vice and illustrating gay s fable of the foolish young cock who ne er had been in that condition but for his mother s prohibition moreover how is it that so captivating a form of intoxication is so little rife among our drunken journeymen', 'ay sure enough the cups were the cups the cup i mean was drugged with those black berries which grow in the forest hereabout the same stuff used by fine ladies to whiten their hands but why the cup and not the wine for this reason i might have been constrained to drink with him and i had no desire to fall like some one else into a trap of my own baiting podatchkine on whom the powerful soporific with which his cup had been drugged the sleepy nightshade had been rapidly taking effect and whose small cunning eyes had been opening and shutting alternately while a numbness stole with a weariness over all his faculties seemed suddenly to grasp at the terrible meaning of the speaker']"
context_leaf_mcs80_ms1_nn12,11,258,11_eaters_use_years_possible,"['eaters', 'use', 'years', 'possible', 'time temporally', 'reactions disgust', 'leaving works unfinished', 'leaving works', 'unfinished suffering reactions', 'observed eaters', 'unfinished suffering', 'time temporally considereth']","['the world is full of people who are proud and self respecting in the extreme who are honorable and virtuous good and kindly at heart but whose wills are nerveless though they may go safely through life without suspecting the truth but if they fall under the influence of an evil habit if they pass under this mightiest and darkest of all spells opium hunger they may learn their weakness in despair', 'now multiply all these several alls by forty nine and the product will serve for as exaggerated a statement as possible of opium pandering to pleasure yes by forty nine by seven times seven at the least that we be not accused of extenuating so fatal an excitement for it is competent to conceive one s self expanded into any unlimited number of bodies seven sevens being the algebraic n and if so into their huge undefined aggregate a giant s pains are throes indeed a giant s pleasures indeed flood over', 'none have ever yet been able to explain how opium produces sleep or how bark cures intermittent fevers and yet few it is hoped will be so absurd as to desist from the use of these important articles because they know nothing of the principle of their operations or if the argument is preferred in the eloquent language of the perkinistic poet what though the causes may not be explained since these effects are duly ascertained let not self interest prejudice or pride induce mankind to set the means aside means which though simple are by heaven designed to alleviate the woes of human kind this course of argument is so']"
context_leaf_mcs80_ms1_nn12,12,257,12_captain_ship_colonel_schooner,"['captain', 'ship', 'colonel', 'schooner', 'ships', 'skipper', 'island', 'mutiny', 'vessel', 'sailor', 'boat', 'deck']","['his bead swam and ached but the work of the opium was over and as he sluiced his forehead in a pool the chief engineer of the kashi bridge was wondering how he had managed to fall upon the island what chances the day offered of return and above all how his work stood', 'he nothing loath produced from time to time in temptingly small quantities precious reminiscences of cyclones in the china seas pirate schooners in the spanish main slavers in sierra leone for he had been in the navy opium clippers chinese mail boats taken by mutineers and never heard of after wreck and fire even all kinds of peril by sea and land in which he had borne a part so that pollie or any other damsel might be pardoned for feeling a temporary conviction that such a man had gone through adventures transcending in interest those of the lives of a hundred mere landsmen that were the hero of her choice a sailor she would gladly wear out her life in accompanying him in his voyages', 'the canal boy trots on the tow path the book keeper counts at his desk the shoemaker waxes his thread the conductor beats time for the band and all the performers follow him the child is baptized the convert is making his first professions the regatta is spread on the bay the race is begun how the white sails sparkle the drover watching his drove sings out to them that would stray the pedler sweats with his pack on his back the purchaser higgling about the odd cent the bride unrumples her white dress the minute hand of the clock moves slowly the opium eater reclines with rigid head and just open d lips the prostitute draggles her shawl her bonnet bobs on her tipsy and pimpled neck the crowd laugh at her blackguard oaths the men jeer and wink to each other miserable']"
context_leaf_mcs80_ms1_nn12,13,231,13_stimulant_powerful_drug_effects,"['stimulant', 'powerful', 'drug', 'effects', 'effect', 'sleep', 'influence', 'practise', 'stimulants', 'began', 'administered', 'influence sufficiently']","['my health was now much impaired by sleeplessness the inevitable result of my anxiety and by a narcotic which from the commencement of my troubles i had been in the habit of taking in ever increasing doses a terrible narcotic one of whose multitudinous effects is that of sending all the patient s thoughts circling around one central idea like planets round the sun', 'the difficulty after all he said to him himself is not so much to die for one we love as to find one worthy of dying for shaking an extra dose of the powdered drug into the bowl of his pipe the blue smoke curled away in tiny clouds above his head while its narcotic effect soon lulled both mental and physical faculties into a state of dreamy insensibility', 'only the present remained the idle thoughtful half narcotic present with a mazy charm no man could explain since so far as any bodily good was concerned there was less comfort to be got for money more fever to be taken for nothing and a larger element of danger in everyday life in rome than in any city gilbert had traversed in his wanderings']"
context_leaf_mcs80_ms1_nn12,14,212,14_bliss_evidence_witness_examination,"['bliss', 'evidence', 'witness', 'examination', 'case', 'recorder', 'cross examination', 'professor', 'witnesses', 'occur', 'verdict', 'expert']","['the first and second facts you will agree constitute complete identification yes said marchmont i think we must admit the identification as being quite conclusive though the evidence is of a kind that is more striking to the medical than to the legal mind you will not have that complaint to make against the next item of evidence said thorndyke', 'the verdict would be accidental death found dead died of visitation of providence or if the murderers got a chance which they might do easy enough to chuck the body in the dock the verdict would be found drowned no matter if he had a hole in his head as big as my fist they could not carry the body from this neighborhood to the river without being detected couldn t they', 'as the result cannot fail to be the same in either case perhaps the accommodating prisoner will assist the ends of justice by making a full confession of his crimes high excellence replied the story teller speaking for the first time it is truly said that that which would appear as a mountain in the evening may stand revealed as a mud hut by the light of day']"
context_leaf_mcs80_ms1_nn12,15,210,15_admit_assure_doubt_certina,"['admit', 'assure', 'doubt', 'certina', 'true got', 'resign let', 'self murder honourable', 'assumed admit', 'true got awfully', 'upheld felt', 'life morally equally', 'life morally']","['we must say that we do not commit suicide although we admit it is a certain anodyne to the poison of life an absolute erasure of the wrong inflicted on us by our parents because we hope by noble example and precept to induce others to refrain from love', 'you admit that i am in a mess of it readily you also admit that my life is morally my own equally that its continuance could in no wise prove to be of benefit to society i do that for all connected with me it is better that i should die unknown and under an assumed name yes then you admit also that the best i', 'you admit that i am in a mess of it readily you also admit that my life is morally my own equally that its continuance could in no wise prove to be of benefit to society i do that for all connected with me it is better that i should die unknown and under an assumed name yes then you admit also that the best i can do is to kill myself before reaching london perhaps so you will leave me the morphine when you get off at leicester no he struck the window sill impatiently with the palm of his hand']"
context_leaf_mcs80_ms1_nn12,16,190,16_pain_sorrow_healing_prove,"['pain', 'sorrow', 'healing', 'prove', 'suffering', 'grateful', 'winter peace', 'winter peace village', 'falls apple', 'apple bleeds vine', 'village enveloping', 'suffering grateful unless']","['an error in human choice an infirmity in the human will though it were at first less than a mote though it should swerve from the right line by an interval less than any thread that ever spider twisted from her womb sometimes begins to swell to grow to widen its distance rapidly travels off into boundless spaces remote from the true centre spaces incalculable and irretraceable until hope seems extinguished and return impossible', 'a wise and experienced clergyman coming to the patient s bedside not with the professional look on his face which suggests the undertaker and the sexton but with a serene countenance and a sympathetic voice with tact with patience waiting for the right moment will surprise the shy spirit into a confession of the doubt the sorrow the shame the remorse the terror which underlies all the bodily symptoms and the unburdening of which into a loving and pitying soul is a more potent anodyne than all the drowsy sirups of the world', 'the world has not grown weary of trying that somewhat sensual anodyne since ulysses and his comrades revelled on the island shore till the going down of the sun greek dainymenoi krea t aspeta kai methy h dy a few hours after he crept out of the cyclops cave leaving the bones of six of his best and bravest behind many bond slaves since sindbad as the jocund juice rose to their brain have forgotten for awhile that they carried a burden more hideous and heavy than the horrible old man of the sea']"
context_leaf_mcs80_ms1_nn12,17,184,17_smell_odour_fumes_bowl,"['smell', 'odour', 'fumes', 'bowl', 'pipe', 'lamp', 'odor', 'heavy', 'incense', 'room', 'den', 'shop']","['the room was vast and dim seemingly without bounds save on that side where the violet flames of a drift wood fire flickered quiveringly making a centre a concentration of dull light for the rest a mysterious wilderness of rugs and divans indian chairs and hammocks where silent figures lay darkly each a primal cause of one of the many thin streams of smoke that curled heavily upward smoke from strange and curious pipes from lahore and gualior small sensitive pipes from japan here and there the short thick stems of opium pipes and by the motionless mexican hammock a splendid and wonderful hookah with writhing stem', 'cavern of a hut faint with the odor of burning josh lights and with nothing to see the gloom by save the sickly guttering tallow candle were two or three yellow long tailed vagabonds coiled up on a sort of short truckle bed smoking opium motionless and with their lustreless eyes turned inward from excess of satisfaction or rather the recent smoker looks thus immediately after having passed the pipe to his neighbor for opium smoking is a comfortless operation and requires constant attention', 'in every little cooped up dingy cavern of a hut faint with the odor of burning josh lights and with nothing to see the gloom by save the sickly guttering tallow candle were two or three yellow long tailed vagabonds coiled up on a sort of short truckle bed smoking opium motionless and with their lustreless eyes turned inward from excess of satisfaction or rather the recent smoker looks thus immediately after having passed the pipe to his neighbor for opium smoking is a comfortless operation and requires constant attention']"
context_leaf_mcs80_ms1_nn12,18,168,18_coleridge_wordsworth_southey_sqq,"['coleridge', 'wordsworth', 'southey', 'sqq', 'gillman', 'cottle', 'wordsworth coleridge', 'coleridge wordsworth', 'lamb', 'coleridge coleridge', 'coleridge habit', 'contributions']","['mcmaster the bootmaker a christmas at home in darkest london his brave sad lovingest tender thing a meeting with the editor of merry england the meynell household contributes to merry england sent to a private hospital renunciation of opium at storrington writing poetry the essay on shelley return to london the hound of heaven and sister songs article on general booth s in darkest england interview with cardinal manning journalism visits to crawley in kensington gardens at friston in suffolk at pantasaph poems sister songs friendship with coventry patmore his critics his congeners his father s death his mysticism his attitude to nature', 'stay at shanklin and work on lamia and king otho et sqq love letters from to fanny brawne et sqq stay at winchester letters from et sqq determination to work for the press his financial position attempted parting from brown stay with the dilkes and return to brown at hampstead collaboration with brown et sqq fluctuating spirits of before his seizure hard work inward sufferings et sqq laudanum taking by et sqq financial position at this time trouble and health failure et sqq work of this period et sqq the fatal chill invalid life et sqq letters from his sick bed slight improvement relapses at kentish town shelley s invitation to italy work published while at kentish town the lamia volume issued et sqq the reviews again severe et sqq stay with the brawnes wintering in italy decided on with severn as companion the voyage', 'how he was discovered by his family how he was sent to oxford and how when there his sensitiveness led him to shirk the examinations for his degree how he went to the lakes of westmorland to live edited a kendal newspaper associated with wordsworth coleridge southey professor wilson and many another celebrity of the day how he married a farmer s daughter who made him an exemplary wife how he had contracted the terrific opium habit and how he fought it conquered it and fell again before it how he filled even in the days of his poverty and struggling life one cottage after another with precious volumes of ancient and modern lore and how he migrated northward and lived in and near edinburgh as he was doing when we first met him all these things you must read for yourselves in his english opium eater and in his entrancing autobiographic sketches or else in a life of him by dr']"
context_leaf_mcs80_ms1_nn12,19,162,19_sleep_slept_awake_sleeping,"['sleep', 'slept', 'awake', 'sleeping', 'gerald', 'asleep', 'morning', 'slumber', 'tired', 'breathing', 'fell asleep', 'lay']","['ferris hardly left his friend s side on the morning of the third day quite worn out his jumping nerves soothed by a small dose of morphine he called a taxicab gave barbara s number in mcburney place leaned back against the leather cushions relaxed his muscles and fell asleep', 'during a large part of the night there were a couple of chambermaids running to and from that part of the building with hot water brandy laudanum foot baths and other appliances for suffering small humanity while master brooks brooks kept doubling himself up in all imaginable attitudes and crying oh mommy in a manner calculated to wring the heart of that motherly person to make mr', 'that night murray repeated his turkish bath swallowed his usual narcotic and lay down upon his draughty couch to be awakened some time after midnight by a cry of fire he noted dully that a vivid glare was flickering through his open windows and saw that the roofs adjoining were silhouetted against a redly glowing sky he heard a great clamor of shouting voices gunshots bells running feet so arose and dressed himself']"
context_leaf_mcs80_ms1_nn12,20,162,20_father_mocking_coaxed_night occur,"['father', 'mocking', 'coaxed', 'night occur', 'eagerly crouched bed', 'perfect safety times', 'crouched bed', 'crouched bed mary', 'perfect safety', 'safety times', 'safety times night', 'eagerly crouched']","['this is my punishment for ever having let him go then as if in hope of discovering some mitigation of her sentence she re read the short letter lingering on the last paragraph which alone contained some ray of comfort some assurance of the strong love that was at once the cause and the anodyne of their mutual pain', 'for witnessing the young man s popularity seeing him so universally courted and welcomed observing his manifest power of attraction she began to ask herself whether she had not exaggerated the misfortune of that same deformity and the impediment that it offered to his career and chances of personal happiness', 'their talk grew fitful and fragmentary intimate lover s talk interspersed with luminous pauses that were but hidden channels of speech till quita felt the walls within walls giving way under her magic and knew that she had reached the shy inmost heart of the man at last']"
context_leaf_mcs80_ms1_nn12,21,155,21_quincey_eater_thomas quincey_confessions,"['quincey', 'eater', 'thomas quincey', 'confessions', 'english eater', 'confessions english eater', 'confessions english', 'thomas', 'english', 'quincey confessions', 'dreams', 'eater thomas quincey']","['samuel jones b has said when speaking of his ecstasies his is not the baneful sensuous de quincey opium deliriation he felt a purer delight than that which inspired the visions of kubla khan he saw no damsel with a dulcimer but thrilled with yearning unspeakable for the fuller soul and felt in every trembling fibre of his frame the consciousness of incarnate immortality this attempt to exalt jefferies at the expense of de quincey and coleridge seems to me unfortunate', 'you will also remember you at any rate who are familiar with the charming noctes ambrosian though i fear you are in a sad minority in these days of scrappy periodicals and flimsy popular fiction but you of the elect few will remember the genial fun which wilson pokes at the opium eater and how cleverly he imitates his all but inimitable style and banters him on his out of the way bits of attic or teutonic lore as well as on his habits of tagging on one idea to another till he bids fair to lay the whole universe under contribution to his analytical and illuminative conversation', 'lamb the delightfully whimsical essayist and lover of shakspere william hazlitt a romantically dogmatic but sympathetically appreciative critic thomas de quincey a capricious and voluminous author master of a poetic prose style best known for his confessions of an english opium eater walter savage landor the best nineteenth century english representative both in prose and in lyric verse of the pure classical spirit though his own temperament was violently romantic thomas love peacock author of some delightful satirical and humorous novels of which maid marian anticipated ivanhoe and miss mary russell mitford among whose charming prose sketches of country life our village is best and best known']"
context_leaf_mcs80_ms1_nn12,22,151,22_whispered_tears_lips_helen,"['whispered', 'tears', 'lips', 'helen', 'eyes', 'kissed', 'looked', 'clasped', 'shudder', 'hands', 'face', 'seth']","['as she lay with clenched hands counting the ten thousand woolly sheep whose agility in overleaping an obstructive wall is for some mysterious reason assumed to be soporific in its influence she was conscious of a sort of terror of the thoughts lurking in ambush ready to spring out upon her if she were off her guard for an instant', 'edith saw that the poor thin face was pinched and wan with misery and that the pallor of death had already blanched even her lips and with a shudder of horror her eyes fell on a phial of laudanum at laura s left hand from which she was partially turned away in the act of writing', 'if i could cry she said once to margery as she pressed her hands to her throbbing temples it would loosen the tightness in my throat and about my heart but i cannot and i am so tired and sick and faint i shall never cry again or sleep and it would almost seem as if she spoke the truth for no tears came to cool her burning eyelids and her eyes grew larger and brighter each day while sleep such as she once had known had deserted her entirely']"
context_leaf_mcs80_ms1_nn12,23,149,23_dens_den_scandal_smuggle,"['dens', 'den', 'scandal', 'smuggle', 'smuggling', 'cocaine', 'fiends', 'goes daily highgate', 'scandal hogshead', 'hogshead goes daily', 'hogshead', 'hogshead goes']","['but the opium had got into our brains i think for we could only tell gruesome stories and all felt afraid to go home in the dark and now mamma in case you have been worrying over us going into awful places i may as well tell you that at the end of supper our host informed us that the whole show of the opium den had been got up for our benefit and was not the real thing at all', 'but the opium had got into our brains i think for we could only tell gruesome stories and all felt afraid to go home in the dark and now mamma in case you have been worrying over us going into awful places i may as well tell you that at the end of supper our host informed us that the whole show of the opium den had been got up for our benefit and was not the real thing at all', 'certain ones resemble modern songs of the vaudeville and such they probably were grandmother s mustard plaster aabb ca the story of a plaster that drew the buttons from a vest axles from a wagon a street car forty miles jerked a chinee s boot off and pulled his leg at the opium jint mashed a cop s hat down drew a wagon over town stuck on a passenger train drew it to washington where it remained stuck on politics']"
context_leaf_mcs80_ms1_nn12,24,138,24_confessions_english eater_confessions english eater_confessions english,"['confessions', 'english eater', 'confessions english eater', 'confessions english', 'eater', 'english', 'copy confessions', 'london magazine', 'magazine confessions', 'london magazine confessions', 'copy', 'copy confessions english']","['both humans and by computers since these ebooks were prepared by thousands of volunteers title tales and sketches part from volume v the works of whittier tales and sketches author john greenleaf whittier release date december ebook yes we are more than one year ahead of schedule this file was first posted on october edition language english character set encoding ascii start of the project gutenberg ebook tales and sketches this ebook was produced by david widger tales and sketches by john greenleaf whittier contents the little iron soldier passaconaway the opium eater the proselytes david matson the fish i did n t catch yankee gypsies the training the city of a day patucket falls first day in lowell the lighting up taking comfort charms and fairy faith magicians and witch folk the beautiful the world s end the heroine of long point the little iron soldier or what aminadab ivison dreamed about', 'such imaginative flights as these with its pungent final interrogatory suggestive to man s selfishness of joys as yet untried might tempt to tamper with the dear delight whereas the plain statement of the most that opium could minister to happiness as contrasted with those false vain views of it remind me of tennyson s poetical timbuctoo gorgeous as a new jerusalem in apocalyptic glories and the mean filth obstructed kraals dotted on an arid plain to which for very truthfulness his soaring fancy drops plumbdown as the shot eagle in der freischutz let this then serve as a meagre sketch of my defunct treatise on opium think not that i love the subject curious and fertile though it be perhaps philosophically regarded it is not a better one than gin but ears polite endure not the plebeian monosyllable', 'as these with its pungent final interrogatory suggestive to man s selfishness of joys as yet untried might tempt to tamper with the dear delight whereas the plain statement of the most that opium could minister to happiness as contrasted with those false vain views of it remind me of tennyson s poetical timbuctoo gorgeous as a new jerusalem in apocalyptic glories and the mean filth obstructed kraals dotted on an arid plain to which for very truthfulness his soaring fancy drops plumbdown as the shot eagle in der freischutz let this then serve as a meagre sketch of my defunct treatise on opium think not that i love the subject curious and fertile though it be perhaps philosophically regarded it is not a better one than gin but ears polite endure not the plebeian monosyllable unless indeed with a r duplicated n as mr']"
context_leaf_mcs80_ms1_nn12,25,134,25_reality remained_process adopted_grain shape_fallen experience,"['reality remained', 'process adopted', 'grain shape', 'fallen experience', 'night falling', 'process adopted fallen', 'triumphed running away', 'replied knowledge taken', 'replied knowledge', 'lady gundred', 'consents', 'knowledge taken grain']","['this course of deception is truly hateful in itself and must be particularly so to her for she is not a low or an immoral woman but one of those who not having strength enough to complete the sacrifice they have had strength enough to commence are betrayed into a life of duplicity and falsehood they had now reached the house and were ushered into a room gaily lighted and filled with guests', 'but what disturbed her in the sense that it struck her with wonderment was this very fact that it cost her so little to refuse a magnificent chance with whatever qualifications one would lord warburton had offered her a great opportunity the situation might have discomforts might contain oppressive might contain narrowing elements might prove really but a stupefying anodyne but she did her sex no injustice in believing that nineteen women out of twenty would have accommodated themselves to it without a pang', 'like all persons too who are unaccustomed to bodily perils the impunity with which she affronted each imparted an overweening confidence in her good fortune and an undue contempt for the next till it seemed to herself that she bore a charmed life and that though man after man might fall at her side as she fought on she was destined to fulfil her task unscathed and reach the presence of esca in time to save him from destruction even though she should die the next minute at his feet']"
context_leaf_mcs80_ms1_nn12,26,132,26_chinaman_chang_chinatown_chinese,"['chinaman', 'chang', 'chinatown', 'chinese', 'manchu', 'mandarin', 'kang', 'treasurer', 'shen', 'shen yan', 'yan', 'smith']","['in fact he turned to smith who grim faced and haggard looked thoroughly ill in that gray light i believe fu manchu s lair is somewhere near the former opium den of shen yan singapore charlie smith nodded', 'such a pipe for example as this person beheld only today exposed for sale the bowl composed of the finest red clay delicately baked and fashioned the long bamboo stem smoother than the sacred tooth of the divine buddha the spreading support patiently and cunningly carved with scenes representing the seven joys and the tenth hell of unbelievers ah exclaimed wang yu eagerly it is indeed as you say a mandarin among masterpieces', 'any luck inquired the chief laying aside one document which seemed to merit fuller inquiry it described a club much frequented by chinese residents in london men of a higher class than the sailors and firemen brought to the port by ships trading with the far east and an outstanding feature of the young manchus operations was the intelligent grasp of the ways and means of modern civilized life these filibusters exhibited']"
context_leaf_mcs80_ms1_nn12,27,130,27_dream_dreams_visions_delirium,"['dream', 'dreams', 'visions', 'delirium', 'ruby', 'lord rosse telescopes', 'heavens revealed', 'heavens revealed lord', 'revealed lord rosse', 'rosse', 'revealed lord', 'rosse telescopes']","['i need not whiff opium nor toss off laudanum negus to imagine myself a young titan sucking fiery milk from the paps of a volcano a despot so limitless and magnificent as to spurn such a petty realm as the solar system with cassiopeia bo tes and his dog to boot an intellect so ravished that it feels all flame or a mass of matter so inert that it lies for ages in the silent depths of ocean a lump of primeval metal madness with the red hot iron hissing in his brain murder with the blood hound ghost over land over sea through crowds deserts woods and happy fields ever tracking silently', 'last night i dreamed that coleridge stood looking over my shoulder and while i worked he touched the sea and it flushed a ruby red brighter than laudanum and then he leaned down and with a pencil wrote dele across the fragment in his sibylline leaves to day i tried the effect of the hint but the amber water mellows the woman s features and the ruby light rendered them sullen and rigid were i to judge from the bizarre themes that you select i should be tempted to fear that the wizard spell of opium evoked some of these strangely beautiful creations of your brush', 'i replied you are doubtless correct and can by physical agents produce strange psychical phenomena and curious exhibitions of mental activity and fantasy but beyond all question you over rate their importance and power for not one of them is adequate to the office of enabling a clear strong mind to move within the sphere of the hidden but the real to what do you allude particularly mon ami i allude to various chemical and botanical compounds for instance those plants which furnish a large per centage of the chemical principles narcotine morphia and others of the same general characteristics as opium beng and hemp the preparations of the delightful but dangerous the equally fascinating decoctions of not forgetting hasheesh that accursed drug beneath whose sway millions in the orient have sunk into untimely but rainbow tinted graves and which in western lands has made hundreds of howling maniacs and transformed scores of strong men into the most loathly drivelling idiots we lapsed into silence which at length was broken by ravalette who said as he clasped my hand with fervor my dear young friend there is here in paris a high and noble society whose chief i am']"
context_leaf_mcs80_ms1_nn12,28,129,28_pure food law_food law_pure food_got sort,"['pure food law', 'food law', 'pure food', 'got sort', 'tablets', 'dope', 'law', 'indiscriminately pure food', 'dangerous people indiscriminately', 'chattered tape', 'immediately direct', 'bad pretty dangerous']","['i laid tommy out carefully on the top shelf and covered him up and then partially ondressed and stretched my own weary frame on my own shelf and tried to woo the embrace of morphine but i could not so i got up and kinder sot and took out my pad and writ a little more in my letter to my help', 'how does your hand feel which hand the one you hurt it feels very happy and the other hand feels very jealous of it seriously are you having a pretty bad time i am having the time of my life seriously the time that lucky men always have once in their lives are you very impatient for the morphine i shall not take it when it comes', 'you know i don t like to be hurt hold me tight dick robinson receiving the eye permission from dick easily and quickly thrust the needle through the stretched skin with steady hand sank the piston home and with the ball of the finger soothingly rubbed the morphine into circulation']"
context_leaf_mcs80_ms1_nn12,29,128,29_fiend_bobus_owen_hope,"['fiend', 'bobus', 'owen', 'hope', 'secret fiend years', 'weakness worked quickly', 'cha worry right', 'right gurgled victim', 'right gurgled', 'right eat began', 'allen agreed furnish', 'allen agreed']","['i shall look up the authorities and see exactly what the symptoms are that is so far as they are known but my impression is that there is very little information available and in the meantime we will give him some medicine and attend to his general condition and you had better let me see him again as soon as possible i was about to say that the effect of the medicine itself might throw some light on the patient s condition but as i proposed to treat him for morphine poisoning i thought it wiser to keep this item of information to myself', 'thomas lindly st pennsylvania cavalry shot very badly through the foot poor young man he suffers horridly has to be constantly dosed with morphine his face ashy and glazed bright young eyes i give him a large handsome apple lay it in sight tell him to have it roasted in the morning as he generally feels easier then and can eat a little breakfast', 'it shall be it must his mind somewhat sluggish before he had taken the morphine now was working clearly and accurately again with that fateful and undeviating precision which had made him master of billions of dollars and uncounted millions of human lives which had woven his network of possession all over the united states europe and asia and even africa which had drawn as into a spider s web the world s railroads and steamship lines its coal and copper and steel its oil and grain and beef its every need save air']"
context_leaf_mcs80_ms1_nn12,30,125,30_betteredge_chair glad stay_wanted company_ross,"['betteredge', 'chair glad stay', 'wanted company', 'ross', 'minutes caught betteredge', 'finding easy', 'company dropped', 'moment told wanted', 'bruff', 'needed description', 'needed description purpose', 'description purpose']","['he modestly interrupted the first few words in which my sense of surprise expressed itself by asking me if the conclusion which he had drawn from his notes was also the conclusion at which my own mind had arrived', 'we were very good friends of very different ways of thinking i had not been within side his lawn gates three miles off these dozen years no fault of his and i did not enter them at his funeral which you will very likely and properly think wrong', 'haven t i just told you that he has been watched continuously i can only judge by the appearances that i find i answered and seeing that he was about to offer fresh objections i continued don t let us waste precious time in discussion or mr']"
context_leaf_mcs80_ms1_nn12,31,121,31_sleep_possibly accident_tired_horseback,"['sleep', 'possibly accident', 'tired', 'horseback', 'slept', 'cold', 'night time', 'morning', 'asleep', 'kop', 'possibly accident relief', 'possibly accident individual']","['i may mention as possibly an accident of my individual temperament but possibly also no accident at all that the relief obtained by walking was always most sensibly brought home to my consciousness when some part of it at least a mile and a half has been performed before breakfast', 'here writes southey i sat at the end of a long form in sight but not within feeling of the fire my feet cold my eyelids heavy as lead and yet not daring to close them kept awake by fear alone in total inaction and under the operation of a lecture more soporific than the strongest sleeping dose while the boys souls were thus provided for there was a certain negligence in matters unspiritual an alarm got abroad that infection was among them', 'it was in vain that i counted a hundred forwards and a hundred backwards that i pictured to myself a flock of visionary sheep coming singly through a gap in an imaginary hedge and tried to number their monotonous and uniform countenances that i played noughts and crosses with myself that i marked out scores of double lawn tennis courts for with each repetition of these supposedly soporific exercises i only became more intensely wakeful']"
context_leaf_mcs80_ms1_nn12,32,117,32_money_business_dollars_revenue,"['money', 'business', 'dollars', 'revenue', 'shillings week', 'salary', 'shillings', 'briggs', 'thousand', 'pounds', 'thousand pounds', 'effective leave']","['what could offset the annoyance that captain alpheus briggs ashore on business of his own was still delaying the vital business of working downstream on the ebb', 'among its members were the directors of armament firms inventors professional soldiers of high rank war office officials those who hoped to get some advantage for themselves or their countries out of wars and those who genuinely thought the league a dangerous and foolish thing calculated to upset the peace of the world', 'proscription the banishment of all his retainers from the city and the protracted absence of roland vipont in douglasdale from whence it was to be hoped birrel would never permit him to return alive left archibald seton and his sister utterly at the mercy of redhall the chambers of whose mansion were as secret and secure as those of the recently established holy office at st']"
context_leaf_mcs80_ms1_nn12,33,102,33_bottle_esther_vial_suicide,"['bottle', 'esther', 'vial', 'suicide', 'belt', 'melted influence hot', 'spoke smartly', 'melted', 'esther vivacious mood', 'heart watched slowly', 'place hidden', 'heart watched']","['returning to the kitchen she emptied the contents of the bottle into the range and then threw the bottle itself also into the heart of the fire she watched it as it slowly melted under the influence of the hot fire the laudanum itself was also licked up by the hungry flames', 'the next day the culprit was detected for the next day came a second supply of laudanum from murray s well wrapped up in proof sheets of the quarterly review as a foil to this she tells in the next letter a story of haydon the painter poor embittered disappointed haydon who later killed himself which she had just heard from mrs', 'they are both dead now and the subject may be discussed to the point of admitting that the father was not a domestic man guy inherited his taste for bohemian life and madame laure de maupassant after separating from her husband was subject to nervous crises in which she attempted her life by swallowing laudanum and by strangling herself with her own hair']"
context_leaf_mcs80_ms1_nn12,34,101,34_burned_music_silence_burning,"['burned', 'music', 'silence', 'burning', 'operas', 'sunshine', 'hut', 'rhythm', 'sleep', 'legged', 'dreamless', 'asleep']","['my friends think my life was a perfect gift but a burning cinder was placed in my breast and time has blown it into flame in the soporific scent of the lilies and the stocks the night drowsed in the darkness of the garden mike unlocked the gate and passed into the shadows and hypnotized by the heavenly spaces in which there were a few stars by the earth and the many emanations of the earth by the darkness which covered all things hiding the little miseries of human existence he threw himself upon the sward crying oh take me mother hide me in thy infinite bosom give me forgetfulness of the day', 'whether the almost deathly quiet into which the house had now fallen or the comforting nature of my meditations held inexorably to the topic i had chosen acted as a soporific upon me i cannot tell but greatly as i dislike to admit it feeling sure that you will expect to hear i kept myself awake all that night i insensibly sank from great alertness to an easy indifference to my surroundings and from that to vague dreams in which beds of lilies and trellises covered with roses mingled strangely with narrow winding staircases whose tops ended in the swaying branches of great trees and so into quiet and a nothingness that were only broken into by a rap at my door and a cheerful eight o clock ma am', 'received those speechless all night visits of the turks long rosy hours of perfumed romance and drunkenness of the fancy and visionary languor sinking toward morning into the yet deeper peace of dreamless sleep and there still were the white yatags for the guests to sit cross legged on for the waking dream and to fall upon for the final swoon and the copper brazier still scenting of essence of rose and the cushions rugs hangings the monsters on the wall the haschish chibouques narghiles hookahs and drugged pale cigarettes and a secret looking lattice beyond the door painted with trees and birds and the air narcotic and grey with the pastilles which i had burned and the scented smokes which i had smoked and i all drugged and mumbling my left eye suspicious of ali there and sinbad and old haroun who dozed']"
context_leaf_mcs80_ms1_nn12,35,92,35_sleep_asleep_sleepy_clock,"['sleep', 'asleep', 'sleepy', 'clock', 'slept', 'dora', 'sleeping', 'sleep doctor', 'heavily woke', 'began flicker eyelids', 'heavily woke slowly', 'endless sleep began']","['they gave her bromide and morphine and chloral in heavy doses but these only procured for her snatches of troubled sleep which were quite as exhausting as wakefulness for she always saw before her that dark waste of waters with the white face of her lover upturned to the pitiless sky and heard always that wild cry for her who had been his evil star', 'at length worn out with passionate weeping and overcome by the dumb narcotic influence of pain she fell asleep where she lay on the floor her wet cheek pillowed on her little hand her golden hair floating about her in sad beauty thus colonel carlyle found her when he entered late that morning', 'that young lady when addressed was indulging in a luxurious country yawn an operation by no means to be hurried but to be fully and lazily enjoyed in all its several and long drawn stages and as thus practiced a wonderfully calming and soporific relaxation wholly unknown to the fretted denizens of cities whose yawn is one of irritation and not of rest']"
context_leaf_mcs80_ms1_nn12,36,91,36_poisoning_poisonous dose_poisonous_administered,"['poisoning', 'poisonous dose', 'poisonous', 'administered', 'death', 'autopsy', 'indicate', 'probable', 'dose', 'tissues', 'engorged', 'specifically']","['is it not true that it also acts differently upon the same individual at various times yes sir that is true and is its action affected by disease it might be supposing that the drug were administered continuously might it not occur that instead of being absorbed the morphine would be retained stored up as it were so that the quantity would accumulate yes the records contain reports of such cases well now suppose that a patient had some kidney trouble such as bright s', 'can you state whether this coma had been produced by a poisonous dose of morphine i should say that it was very probable that opium in some form had been exhibited in a poisonous dose state specifically why you have adopted that opinion i found the brain wet the convolutions flattened the lungs heart liver and spleen distended and engorged with dark fluid blood', 'can you state whether this coma had been produced by a poisonous dose of morphine i should say that it was very probable that opium in some form had been exhibited in a poisonous dose state specifically why you have adopted that opinion i found the brain wet the convolutions flattened the lungs heart liver and spleen distended and engorged with dark fluid blood']"
context_leaf_mcs80_ms1_nn12,37,88,37_ask pierre_death peace_peace distress_renewed gifts,"['ask pierre', 'death peace', 'peace distress', 'renewed gifts', 'life death peace', 'confirmed renewed', 'confirmed renewed gifts', 'giver life', 'distress confirmed', 'giver life death', 'distress confirmed renewed', 'peace distress confirmed']","['smiles of glacial virtue will creep over their faces like slippery sunshine when one by one her devotees come trailing off to them to say that such a woman could never fill a man s heart nor become the ornament of his hearthstone the quiet virtues that wear are all their desire of course they have just been studying her character and that of the foolish men who dance her attendance but even those are not doing it with any serious motives', 'at first the city had seemed strange and bewildering and lorelei had suffered pangs at the memory of vale for at her age the roots of association strike deep but in a short time the novelty of her new life proved an anodyne and deadened acute regrets while the vague hazard of it all kept her at an agreeable pitch of excitement', 'yet protested ten teh when at length the other paused surely the matter could be placed before those in authority in so convincing a light by one possessing your admitted eloquence that justice would stumble over herself in her haste to liberate the oppressed and to degrade the guilty the phenomenon has occasionally been witnessed but latterly it would appear that the conscientious deity in question must have lost all power of movement or perhaps even fatally injured herself as']"
context_leaf_mcs80_ms1_nn12,38,85,38_hilda_sleep_deep sleep_potency fell deep,"['hilda', 'sleep', 'deep sleep', 'potency fell deep', 'crushing brows', 'weariness crushing', 'sleep strong', 'unwilling sleep strong', 'unwilling sleep', 'silverdale', 'began manifest', 'crushing brows unwilling']","['i am almost certain amelia that the foolish creature had mixed with the syrup some narcotic drug i hope with no worse design than to make me sleep and perhaps ward off the attack of fever she foresaw but if this was so she compounded her dose badly for instead of sleeping i was never so wide awake in my life', 'some hours of intense effort and strain then she and the husband looked down upon the patient a woman of about six and twenty plunged suddenly in narcotic sleep her matted black hair which marcella had not dared to touch lying in wild waves on the clean bed clothes and night gear that her nurse had extracted from this neighbour and that she could hardly have told how', 'but for the last few weeks a new influence had come over hetty vague atmospheric shaping itself into no self confessed hopes or prospects but producing a pleasant narcotic effect making her tread the ground and go about her work in a sort of dream unconscious of weight or effort and showing her all things through a soft liquid veil as if she were living not in this solid world of brick and stone but in a beatified world such as the sun lights up for us in the waters']"
context_leaf_mcs80_ms1_nn12,39,84,39_jasper_edwin_hag_john jasper,"['jasper', 'edwin', 'hag', 'john jasper', 'ned', 'princess puffer', 'puffer', 'opens', 'cathedral', 'princess', 'prematurely', 'guardian']","['drood jasper s sister but is it likely that her mother drank heaven s hard so the hag says of herself then took to keeping an opium den and there entertained her son jasper already an accomplished vocalist but in a lower station than that to which his musical genius later raised him as lay precentor', 'antecedents who he was and where he came from when we remember that but for his nephew he was a lonely man when we see that he was both criminal and artist when we observe his own wheedling propensity his false and fulsome protestations of affection his slyness his subtlety his heartlessness his tenacity and when above all we know that the opium vice is hereditary and that a young man would not be addicted to it unless born with the craving then it is not too wild a conjecture that jasper was the wayward progeny of this same opium eating woman all of whose characteristics he possessed and perchance of a man of criminal instincts but of a superior position', 'drood jasper s sister but is it likely that her mother drank heaven s hard so the hag says of herself then took to keeping an opium den and there entertained her son jasper already an accomplished vocalist but in a lower station than that to which his musical genius later raised him as lay precentor']"
context_leaf_mcs80_ms1_nn12,40,83,40_william_dickens_classics_thomas,"['william', 'dickens', 'classics', 'thomas', 'english', 'readings', 'george', 'grattan', 'references', 'memoirs', 'suggested readings', 'charles']","['castle of indolence the cato caxton william cenci the chamberlayne william channel firing chaucer geoffrey cherry ripe campion chesterfield lord chevy chace childe harold s pilgrimage christabel clare john cleannesse cleveland john clive essay on clough arthur hugh cobbett william coleridge samuel taylor colin clout skelton collins william complaint the or night thoughts compleat angler the comus confessio amantis confessions of an english opium eater the congreve william conrad joseph coverdale miles cowper william coy mistress to his crabbe george crawford robert cymon and iphigenia d daffodils to herrick dance of the sevin deidlie sins the davies william h de quincey thomas dead drummer the decline and fall of the roman empire the defoe daniel dekker thomas deluge the deserted village the diary pepys dickens charles dictionary johnson s doctor faustus don', 'stow s chronicles of england ireland and scotland cibber colley citizen of the world clarendon lord clarissa harlowe classical couplet classic school clive robert cloister and the hearth cloud the clough arthur hugh suggested readings in cobbett william coleridge samuel taylor association with wordsworth general characteristics of incidental references to life of poetry of prose of quoted references on suggested readings in collier jeremy collins wilkie suggested readings in collins william colloquium colombe s birthday colum padric comedies early comedy of errors the complete angler comus conciliation with america burke s speech on conduct of the understanding confessio amantis confessions of an english opium eater congreve william conrad joseph references on suggested readings in cooper frederic taber quoted corelli marie cornish william cotter s saturday night couplet classical riming court plays coventry plays cowley abraham cowper william general characteristics of incidental references to life of references on suggested readings in works of crabbe george craik dinah maria cranford cranmer s bible crashaw richard critical writings addison s age of romanticism arnold s carlyle s coleridge s de quincey s dryden s johnson s pope s swinburne s criticism first essay on cromwell s bible cross john w', 'childe harold child s garden of verses chocilaicus k o kil a i cus christ the of cynewulf christabel christian year christmas carol a christ s hospital london chronicle the anglo saxon chronicle plays chronicles riming chronology anglo saxon period norman french age of chaucer revival of learning elizabethan puritan restoration eighteenth century romanticism victorian citizen of the world clarissa classic and classicism classic influence on the drama cloister and the hearth clough arthur hugh cockaygne land of k o k a n coleridge life works critiqal writings collier jeremy collins william comedy definition first english of the court complete angler the comus masque of conciliation with america burke s speech confessions of an english opium eater consolations of philosophy cotter s saturday night couplet the court comedies covenant of coventry plays cowley abraham cowper william life works crabbe george cranford crashaw richard critic meaning of critical writing dryden coleridge in age of romanticism in victorian age criticism arnold s definition cross john walter crown of wild olive culture and anarchy curse of jfehama k e h m cursor mundi cycles of plays of romances cynewulf kin e wulf cynthia s revels sin thi daniel samuel daniel deronda d arblay madame fanny burney darwin and darwinism death raleigh s apostrophe to decline and fall of the roman empire defense of poesie defensio pro populo anglicano']"
context_leaf_mcs80_ms1_nn12,41,82,41_drood_drood handsome_drood handsome ought_handsome ought,"['drood', 'drood handsome', 'drood handsome ought', 'handsome ought', 'handsome ought deserted', 'ought deserted', 'drood alive', 'hanged', 'end half', 'known sir bromley', 'deserted drood handsome', 'ought deserted drood']","['the object of this visit subsequently became apparent when it was found that in those pages of edwin drood written a few hours before his death datchery and the princess puffer held that memorable conference there', 'true none of her plays had ever been produced but that was indisputably due to a managerial conspiracy what she really needed was a friend at court some clever man having the ear of the manager staff gathered that a truly clever man could warm up a play and pour it into the ear of the managers like laudanum and sweet oil with such a man he was given to understand mrs', 'but i could never again avail myself of that resource because i must have given some address in order to insure the receipt of lady carbery s answer and in that case so sternly conscientious was she that under the notion of saving me from ruin my address would have been immediately communicated to my guardians and by them would have been confided to the unrivalled detective talents in those days of townsend or some other bow street officer']"
context_leaf_mcs80_ms1_nn12,42,81,42_alkaloids_drugs_drug_patent,"['alkaloids', 'drugs', 'drug', 'patent', 'presence drug', 'alkaloid', 'medicine', 'prescription', 'medicines', 'patent medicine', 'actual presence', 'plant']","['i see he says the true use of chemistry is not to make gold but to prepare medicines paracelsus is rightly termed the father of modern chemistry he discovered the metals zinc and bismuth hydrogen gas and the medical uses of many minerals the most important of which were mercury and antimony', 'antidotes to poison ammonia or hartshorn antimonial wine tartar emetic arsenic corrosive sublimate dogwood ivy etc nitric sulphuric or muriatic acid niter or saltpeter oxalic acid opium laudanum morphine prussic acid spanish flies strong lye strychnine sugar of lead and others', 'these are first take away opium and alcohol and the backbone of the patent medicine business would be broken inside of forty eight hours and second no drug save quinine and mercury in special cases will cure a disease in words which he quotes from another prominent physician he is the best doctor who knows the worthlessness of most drugs the hundreds of drugs listed in books on materia medica i find are gradually being reduced in number to a possible forty or fifty and one doctor makes the radical statement that they can be cut down to the six or seven real drugs still further light']"
context_leaf_mcs80_ms1_nn12,43,81,43_white bees_bees_sweet_love,"['white bees', 'bees', 'sweet', 'love', 'song', 'leda', 'capel', 'margaret capel', 'crooning', 'soul', 'quaff', 'bliss wind south']","['said since they mean to slay me death shall find me rebellious and for weeks i could not sight some specially happy village or umbrageous spread of woodland that i did not stop the ship and land the materials for their destruction so that nearly all those spicy lands about the north of australia will bear the traces of my hand for many a year for more and more my voyage became dawdling and zigzaged as the merest whim directed it or the movement of the pointer on the chart and i thought of eating the lotus of surcease and nepenthe in some enchanted nook of this bowering summer where from my hut door i could see through the pearl hues of opium the sea lagoon slaver lazily upon the old coral atol and the cocoanut tree would droop like slumber and the bread fruit tree would moan in sweet and weary dream and i should watch the speranza lie anchored in the pale atol lake year after year and wonder what she was and whence and why she dozed so deep for ever and after an age of melancholy peace and burdened bliss i should note that sun and moon had ceased revolving and hung inert', 'the white bees by henry van dyke contents the white bees new year s eve songs for america sea gulls of manhattan urbs coronata america doors of daring a home song a noon song an american in europe the ancestral dwellings francis makemie national monuments in praise of poets mother earth milton three sonnets wordsworth keats shelley robert browning longfellow thomas bailey aldrich edmund clarence stedman lyrics dramatic and personal late spring nepenthe hesper arrival departure the black birds without disguise gratitude master of music stars and the soul to julia marlowe pan learns music undine love in a look my april lady a lover s envy the hermit thrush fire fly city the gentle traveller sicily december the window twilight in the alps jeanne d arc hudson s last voyage the white bees and other poems the white bees i legend long ago apollo called to aristaeus youngest of the shepherds saying i will make you keeper of my bees golden were the hives and golden was the honey golden too the music where the', 'the tide sierra madre the grand canyon the heavenly hills of holland flood tide of flowers god of the open air narrative poems the toiling of felix vera another chance a legend of service the white bees new year s eve the vain king the foolish fir tree gran boule heroes of the titanic the standard bearer the proud lady labour and romance a mile with me the three best things reliance doors of daring the child in the garden love s reason the echo in the heart undine rencontre love in a look my april lady a lover s envy fire fly city the gentle traveller nepenthe day and night hesper arrival departure the black birds without disguise an hour rappelle toi love s nearness two songs of heine eight echoes from the poems of auguste angellier rappel d amour the river of dreams hearth and altar a home song little boatie a mother s birthday transformation rendezvous gratitude peace santa christina the bargain to the child jesus bitter sweet hymn of joy song of a pilgrim soul ode to peace three prayers for sleep and waking portrait and reality the wind of sorrow hide and seek autumn in the garden the message dulcis memoria the window christmas tears dorothea epigrams greetings']"
