model_group,bertopic_topic,n_documents,mean_probability,n_books,top_terms
context_leaf_mcs60_ms1_nn10,-1,8749,0.0,1971,"eyes, room, night, old, face, life, long, good, away, woman, hand, house"
context_leaf_mcs60_ms1_nn10,0,420,0.877932605017874,299,"felt, evil, life, energy, misery, mind, conscience, failure, power, seldom, knew, constantly"
context_leaf_mcs60_ms1_nn10,1,408,0.864351630958215,210,"habit, ali, eater, eating, smoker, neuralgia, money, knew, excusable, large quantities, smoking, dupe"
context_leaf_mcs60_ms1_nn10,2,352,0.5892760798414955,211,"doctor, physician, fever, medical, patient, surgeon, ill, disease, symptoms, morrhage, severe, wounds"
context_leaf_mcs60_ms1_nn10,3,315,0.6267734265867942,197,"rita, husband, insane, leroux, smuggling, thousand pounds, eater, poppies, smoked, pipe, wild, denise ryland"
context_leaf_mcs60_ms1_nn10,4,297,0.8607237605451635,209,"sleep, nightmare, dream, dreams, mac, asleep, tired, vividly, sleep nightmare, possibly accident, awake, night"
context_leaf_mcs60_ms1_nn10,5,259,0.8136909054833905,206,"chair, eyes, bed, breathing, face, robe, turned, foot, hat, head, gaston, coat"
context_leaf_mcs60_ms1_nn10,6,243,0.7997791633033102,205,"stimulant, powerful, effects, drug, effect, began, fell fast, practise, influence, sleep, administered, lungs"
context_leaf_mcs60_ms1_nn10,7,239,0.8746965612530021,197,"trees, atmosphere, forest, sun, hills, bird, roof, air, breeze, sky, flowers, summer"
context_leaf_mcs60_ms1_nn10,8,238,0.8019097303459465,196,"pain, sorrow, healing, eve, friendship, labor, nobly, love, despair, lulled, prove, suffering"
context_leaf_mcs60_ms1_nn10,9,227,0.7286528544372285,139,"ship, captain, schooner, smugglers, island, ships, skipper, boats, mutiny, shore, vessel, boat"
context_leaf_mcs60_ms1_nn10,10,209,0.8176267347264701,143,"admit, let leave matters, leave matters, equally continuance wise, mess readily, wisdom great, legitimate results later, wise prove, equally continuance, assumed admit best, wisdom great reply, reason existence"
context_leaf_mcs60_ms1_nn10,11,204,0.9337260279235152,122,"dens, smokers, den, cocaine, nirvana, pipes, laid love, single pipe, single pipe smoked, new york, york, sale"
context_leaf_mcs60_ms1_nn10,12,194,0.9105498182359368,140,"wine, drink, drunk, brandy, cup, drinking, water, alcohol, coffee, pour, whisky, drunkard"
context_leaf_mcs60_ms1_nn10,13,189,0.8452428242531148,117,"odour, smell, fumes, heavy, odor, pipe, incense, bowl, lamp, air, room, heavy odour"
context_leaf_mcs60_ms1_nn10,14,183,0.9235682395390268,146,"misery, joy, life, passions, spiritual, peace, human, sham, rhythm, immortal, happy, earth"
context_leaf_mcs60_ms1_nn10,15,174,0.7875514875455524,79,"quincey, thomas quincey, eater, confessions, english eater, confessions english eater, confessions english, thomas, english, quincey confessions, quincey confessions english, eater thomas"
context_leaf_mcs60_ms1_nn10,16,154,0.8652930932855678,45,"coleridge, wordsworth, cottle, southey, gillman, wordsworth coleridge, coleridge wordsworth, coleridge coleridge, coleridge habit, contributions, addiction, merry england"
context_leaf_mcs60_ms1_nn10,17,153,0.9307221658116572,110,"betteredge, subject diamond, told, rumours, untouched, betteredge unoccupied moment, wanted company dropped, unoccupied moment, hotter really need, hot hotter, hot hotter really, measure exactly point"
context_leaf_mcs60_ms1_nn10,18,143,0.9923084525270632,118,"foot tracks, insulting offered lead, mary coaxed, night occur, departure knowing, offered lead new, assure perfect safety, bed mary continued, bed mary, times night occur, letters insulting offered, letters insulting"
context_leaf_mcs60_ms1_nn10,19,138,0.9143225514781436,88,"poison, alkaloids, poisons, apparent death, poisoned, alkaloid, potion, pybus, druggist, patent, sleeping potion, apparent"
context_leaf_mcs60_ms1_nn10,20,136,0.6822012195189646,84,"confessions, english eater, confessions english, confessions english eater, eater, english, suspiria, suspiria profundis, profundis, copy confessions, london magazine, sketches"
context_leaf_mcs60_ms1_nn10,21,135,0.8887417846784835,107,"sleep, asleep, clock, sleepy, pillow, slept, interfere mother earning, interfere mother, tea sends, tea sends sleep, small wage, small wage given"
context_leaf_mcs60_ms1_nn10,22,135,0.9682346833287806,79,"dose, drops, large dose, poisoning, drops dose, trifling, grog, weak, meschini, pint, prescribed, bed entire day"
context_leaf_mcs60_ms1_nn10,23,130,0.9661510421139932,39,"poisoning, poisonous dose, poisonous, kidneys, coroner physician, fatally, autopsy, later exactly half, admits taken, grains missing medicine, half grains missing, missing medicine case"
context_leaf_mcs60_ms1_nn10,24,129,0.8238548842570018,55,"syringe, case kept, injection, taken, overdose, capsule, knew, sara, illness, hypodermic, judging, kidney cause accumulation"
context_leaf_mcs60_ms1_nn10,25,129,0.9592517336198736,103,"god, church, christian, religion, christ, growers, holy, faith, saints, sermons, world, churches"
context_leaf_mcs60_ms1_nn10,26,126,0.906348254680186,66,"chinese, chang, chinaman, manchu, smith, chinatown, treasurer, shen yan, shen, yan, china, mandarin"
context_leaf_mcs60_ms1_nn10,27,120,0.9379783867835694,103,"sleep, slept, awake, morning, asleep, sleeping, alert, night, awoke, wake, sleep night, minutes"
context_leaf_mcs60_ms1_nn10,28,116,0.8342681190516548,96,"sleep, goeberlin, deep sleep, hilda, trafton, crushing brows unwilling, unwilling sleep strong, sleep strong, crushing brows, silverdale, unwilling sleep, young trafton"
context_leaf_mcs60_ms1_nn10,29,114,0.9246408884295644,86,"dream, dreams, visions, musset slave, alfred musset, alfred musset slave, musset, vision, ruby, alfred, heavens revealed lord, revealed lord"
context_leaf_mcs60_ms1_nn10,30,112,0.9139732415163886,79,"owen, gaza, guessed, fiend, turned maybe better, vast quantity heaped, college mistake measuring, physicians watch, grain guessed gave, guessed gave vast, began struggling johnson, fellows hardly"
context_leaf_mcs60_ms1_nn10,31,110,0.9981670975512658,72,"bottle, delicious flow spirits, zest, flow spirits comfortable, flow spirits, delicious flow, spirits comfortable, spirits comfortable nap, comfortable nap, gave knowing able, gave knowing, tartlets"
context_leaf_mcs60_ms1_nn10,32,109,0.8780620795675986,41,"bliss, evidence, witness, examination, recorder, cross examination, jury, professor, witnesses, verdict, orton, professor orton"
context_leaf_mcs60_ms1_nn10,33,106,0.9353980337032424,67,"bottle, ask pierre, suicide, vial, pierre, dressing case, belt, pierre inwardly, remarked ask, remarked ask pierre, thank god half, melted influence"
context_leaf_mcs60_ms1_nn10,34,103,0.8579978041871571,76,"drood, ought deserted, drood handsome ought, handsome ought deserted, drood alive, handsome ought, drood handsome, maggie, hour called, end half, ought deserted drood, half hour called"
context_leaf_mcs60_ms1_nn10,35,98,0.9577660493428198,76,"bottle, bottles, glass, liquid, tiny, bottle filled, filled, stopper, tied, sealed, small, vial"
context_leaf_mcs60_ms1_nn10,36,98,0.9537904783645522,64,"nicholas, nicholas carter, carter, william, dickens, classics, thomas, readings, english, suggested readings, references, grattan"
context_leaf_mcs60_ms1_nn10,37,95,0.9991451012721588,62,"china, chinese, smuggling, aubrey, lieutenant aubrey, smuggle, chinamen, missionaries, premises den, den body, den body lieutenant, raid premises den"
context_leaf_mcs60_ms1_nn10,38,92,0.9812974775132696,64,"doc, doc callers, callers, sin resumed, time let, boldly late, looking chance, lough luck, brown guv, instance boldly late, guv, guv lough"
context_leaf_mcs60_ms1_nn10,39,91,0.9697153051134012,57,"relating matter dropped, matter dropped, relating matter, gentlemen, insurance kind, right admirable, complaint arises, admit gentlemen, admirable sir, entire insurance kind, mark studied answer, insurance kind heathens"
context_leaf_mcs60_ms1_nn10,40,89,0.9826385880262364,57,"craze, heard effect, gretna foolish giggling, simile good shouldn, sought life, sought life longer, frightfully ill dear, eighty jimmies bob, emphasis delight store, emphasis delight, obtain lola, jimmies bob"
context_leaf_mcs60_ms1_nn10,41,88,0.9789275501238904,68,"drink, stupefied, maid drink, fight englishman david, inclined head, drink heard worse, david inclined, says sleep directly, judge remarked, day difficult, day difficult quite, returned car judge"
context_leaf_mcs60_ms1_nn10,42,85,0.9886074661755746,68,"grain shape followed, mind ease indefinable, limehouse dive visited, course game, times week ends, triumphed running away, game beating, game beating clients, experience intently, experience intently night, beating clients, fallen experience intently"
context_leaf_mcs60_ms1_nn10,43,83,0.9421693991662698,61,"poetry, poems, poet, poets, essays, wordsworth, verse, wrote, henley, muse, essays elia, elia"
context_leaf_mcs60_ms1_nn10,44,81,0.954871241952786,73,"sound, sounds, room silent, clicking, voices, silence, thump, veil, murmur, rhythmic, faint, spirit sight"
context_leaf_mcs60_ms1_nn10,45,79,0.8983231650383536,12,"jasper, edwin, hag, john jasper, princess puffer, puffer, opens, princess, ned, prematurely, guardian, son jasper"
context_leaf_mcs60_ms1_nn10,46,78,0.9997211528777816,67,"peace distress, distress confirmed, giver life death, peace distress confirmed, renewed gifts, distress confirmed renewed, giver life, death peace, life death peace, confirmed renewed, death peace distress, confirmed renewed gifts"
context_leaf_mcs60_ms1_nn10,47,74,0.9974172832136292,47,"time temporally considereth, considereth, temporally considereth, temporally, antidote time temporally, time temporally, antidote time, criminals, slaves, fathers, mind notably, felt experience"
context_leaf_mcs60_ms1_nn10,48,72,0.9840794738134476,53,"margaret capel, capel, respite, cup, saw margaret, saw margaret capel, hath, margaret, lent, old heart, god hath, let thirsty"
context_leaf_mcs60_ms1_nn10,49,72,0.9974651456552208,53,"address, fellow officer, police, san francisco, francisco, san, officer, fear personal safety, ascertaining customer address, twice lodged tavistock, inform asked dismissed, vanished utterly"
context_leaf_mcs60_ms1_nn10,50,68,0.9998928026475564,52,"literary, literature, novels, preface, fiction, novel, incomplete, readers, thousand readers especially, common requires light, title page insure, time death life"
context_leaf_mcs60_ms1_nn10,51,67,1.0,48,"got sort, instead familiar morphia, got sort bad, sort bad, looking drug occurred, marked case started, marked case, word instead, word instead familiar, possession use, possession use word, started looking drug"
context_leaf_mcs60_ms1_nn10,52,65,1.0,54,"lantern, lamp, light, stairs, end room, candle, dark, later von, later von blon, trap whereinto, room staircase, lantern head"
context_leaf_mcs60_ms1_nn10,53,65,1.0,12,"sloane, died, diphtheria, died poisoning, caused death, death, died diphtheria, sloane died, mabel sloane, meredith, mabel, poisoning"
context_leaf_mcs60_ms1_nn10,54,65,0.994889339747567,55,"love, heart, deeds, arrears debt putting, forget cancel, away bars, deeds untrue, set bitter, deep arrears, deep arrears debt, cancel welcome smile, forget cancel welcome"
context_leaf_mcs60_ms1_nn10,55,65,0.996680409751668,55,"fear, replied shudder ran, let longer, shudder ran, surely pain, hurrying grave, grave replied, let longer stand, hushed trembling, shudder ran nerves, nerves fear, longer stand"
context_leaf_mcs60_ms1_nn10,56,64,1.0,53,"occupants lying, lying motionless, camping, noisily sucking, noisily, occupants lying motionless, crack, bedstead, sucking, occupants, cabin pestilence, fled cabin pestilence"
context_leaf_mcs60_ms1_nn10,57,60,1.0,56,"husband, wife, married, harriet, loved husband, evidence guilt, tale awful, tale awful evidence, evidence guilt removed, awful evidence, awful evidence guilt, barmaid"
context_leaf_mcs60_ms1_nn10,58,60,1.0,49,"tobacco, use tobacco, cigarettes, aroma, tobacco stimulant, undue use, ordinary tobacco, undue use tobacco, moy, weed, fragrant, cigarette"
